#{"t_start": 1779336027.0662909, "env_id": "None"}
r,l,t
463.016458,43,3.712237489.247734,41,4.856118
506.247233,36,5.673846
463.461127,32,6.44837
4473.125521,49,6.89928551503.304997,32,7.61871355520.682793,31,8.32858336482.810772,42,9.15519854486.519796,37,10.2799944514.726105,39,11.09843246468.214955,37,11.86188550535.663377,35,12.661114524.941198,32,13.3992714530.316842,34,14.1323274472.660706,34,14.9117714522.395979,33,15.66905254520.081464,39,16.46135035513.032051,33,17.20875464441.507343,39,18.0289535477.969078,39,18.86015348455.874887,45,19.766276
401.702784,44,20.599769
519.214904,31,21.321709
558.463389,38,22.089057
451.956284,36,22.878601
817.113793,30,23.599248
493.413058,30,23.919520.477.033647,39,24.7491399472.213481,30,25.44047490464.55009,37,26.23905459478.692195,38,27.0383490.501.924909,38,27.9026452.518.518155,39,29.123139
750.3067,36,29.909006
491.190295,41,30.740959
507.802983,36,31.548715
411.515101,41,32.42275
455.670094,37,33.22376
497.207634,36,34.023268
466.244737,35,34.778258
408.50625,45,35.649495
487.072081,33,36.40179
503.13151,32,37.178938
532.511445,33,37.927484
504.366114,39,38.72226
531.924376,31,39.447896
521.384648,37,40.229118
545.917182,34,40.998219
509.5619,41,41.84886
530.230657,31,42.557771
483.083637,34,43.328547
449.94059,49,44.268239
520.134761,37,45.089198
517.685448,31,45.810604
476.355068,34,46.5816
491.722882,35,47.368162
465.632105,43,50.466058
535.403789,31,51.208271
370.926386,41,52.068106
511.122743,38,52.889205
517.589126,41,53.799452
765.007924,38,54.622919
474.986718,37,55.427417
524.385637,37,56.238159
460.125265,39,57.07912
799.206465,37,57.879979
537.055558,38,58.689415
512.229168,34,59.493445
530.482471,39,60.309267
494.595712,36,61.112157
462.669281,39,61.91128
451.290152,34,62.689803
462.463506,43,63.599246
514.926223,33,64.370085
512.126009,37,65.17801
522.780467,34,65.988116
537.735685,32,66.747078
481.789893,37,67.566492
291.403043,57,68.968439
519.782385,38,69.788164
450.533244,45,70.680225
540.580763,33,71.469968
509.957102,38,72.298637
476.202006,35,73.087599
496.845287,39,73.902051
815.839151,28,74.616993
545.83108,28,75.327135
464.459222,35,76.110881
469.228281,42,76.974401
521.533093,33,77.748282
529.38188,33,78.521454
442.472226,36,79.337938
488.198496,30,80.06801
530.941199,37,80.86692
499.197487,38,81.690383
829.464825,34,82.486237
526.215296,32,83.237259
458.637202,33,84.019717
458.406812,38,84.858819
453.883026,30,85.598654
517.077297,35,86.409432
477.019607,51,87.768621
458.960784,27,88.487642
503.357354,43,89.347632
450.354325,36,90.148435
503.749536,41,91.007611
499.527941,30,91.737979
508.910092,34,92.53058
457.976755,37,93.33918
464.651167,37,94.17847
469.842226,38,95.019994
498.774116,30,95.766744
445.72343,36,98.460306
509.813115,38,99.272014
501.579802,35,100.068758
480.984953,37,100.897756
522.975376,36,101.693087
532.188676,30,102.457338
517.373821,38,103.298228
487.572376,31,104.08724
467.335869,35,104.889167
478.684969,34,105.6573
487.081882,41,106.528393
824.73047,32,107.311074
532.178316,30,108.060987
517.120503,30,108.801081
541.658306,37,109.608082
507.182141,34,110.398083
486.116478,31,111.128294
490.394724,35,111.943305
538.358843,37,112.770511
471.674461,36,113.608572
469.725159,37,114.419459
474.192273,31,115.176764
484.231162,33,115.958867
442.716239,33,116.689709
489.795969,36,117.490639
819.041277,32,118.310723
548.549224,29,119.150117
548.549224,29,119.868643
469.335442,29,120.577956
463.317759,39,121.848112
522.037486,36,122.659901
520.242342,37,123.499237
476.848368,42,124.396726
838.578178,33,125.155769
532.795225,36,125.968027
416.146173,24,126.636866
440.29708,38,127.44774
486.762349,43,128.32833
406.306005,34,129.116236
552.91262,32,129.918088
505.955958,42,130.75614
492.009339,33,131.539057
497.417259,31,132.262286
530.206398,32,133.036757
473.18945,38,133.858422
543.919855,31,134.599968
523.086773,35,135.408135
459.00567,39,136.286646
506.643403,33,137.067632
481.14056,30,137.397215
529.22386,40,138.259909
821.668109,33,139.031066
522.302268,33,139.817234
542.109763,36,140.626843
470.849487,32,141.360481
475.595281,36,142.187599
550.551594,34,142.976462
801.456795,38,143.816572
428.614048,39,145.069789
495.633635,35,145.859733
480.376954,35,148.505419
538.495246,40,149.335202
481.03693,37,150.156177
489.671157,40,151.007158
444.656224,30,151.735619
408.600843,37,152.542578
495.796789,31,153.290067
528.637397,44,154.186287
512.740438,31,154.947429
409.383116,44,156.237892
511.673253,34,156.618038
491.300351,45,157.486838
478.300046,38,158.297705
512.182273,30,159.038721
524.168658,34,159.82943
472.264034,46,160.738287
488.650511,37,161.546176
496.406338,40,162.398926
443.977986,35,163.196891
509.129397,32,163.946131
514.597173,39,164.805097
458.766402,34,165.588848
529.247454,33,166.361502
511.065819,38,167.177061
512.201193,37,167.986916
498.517617,33,168.787529
817.611517,32,169.549686
516.59231,34,170.349831
457.864227,45,171.277607
487.719584,36,172.086292
532.394747,38,172.930675
498.74496,38,173.758446
329.827341,46,174.65791
528.445399,29,174.998951
537.861302,41,176.298251
544.021745,35,177.096048
477.093482,41,177.955851
472.691033,42,178.827655
493.663647,35,179.61861
361.631989,40,180.466734
538.078194,33,181.251118
500.643126,34,182.03858
502.11883,35,182.805368
803.25539,37,183.589021
424.321885,40,184.407585
825.866311,34,185.187561
529.445571,35,185.976033
508.214011,36,186.800827
543.639417,34,187.60591
501.874082,37,188.440055
787.351421,35,189.25948
517.666135,28,189.985309
417.274641,41,190.838092
446.937809,35,191.635619
403.4266,44,192.514256
532.664386,36,193.335441
464.93951,37,196.114768
508.084909,34,196.887826
509.113602,30,197.644337
517.910323,38,198.488916
824.391516,30,199.23301
814.938322,31,199.965115
464.270257,40,200.825924
524.632184,37,201.655586
513.490233,33,202.423349
396.523707,37,203.234933
498.703748,29,203.997097
537.826173,35,204.79853
457.247503,39,205.218441
530.979648,36,206.445651
489.787218,38,206.867347
490.873578,42,208.125773
538.140092,39,209.00603
533.162385,41,209.877035
762.686401,42,210.786722
462.168302,39,211.596863
542.562671,35,212.377282
530.94043,37,213.644938
823.153682,34,214.017005
814.087071,35,215.216635
531.39677,29,215.5357
483.523722,40,216.807134
483.164528,32,217.180479
471.688495,29,217.905031
526.788979,31,218.675282
828.587828,36,219.599068
381.890695,45,220.553322
504.0450.625509,47,221.679464.6481.947597,42,222.574501.8493.7001,37,223.4083492.501.185692,34,224.2457506508.746551,45,225.567422.4435.772835,38,226.417465.0543.566332,37,227.265535.9723.793619,34,228.046460.9486.818186,38,228.90548.98809.558472,35,229.70475.14485.440436,36,230.52510.45445.959133,45,231.44377.04534.089278,39,232.28540.09483.559688,31,233.46481.81531.069885,37,234.31540.14481.464131,35,235.12540.59470.274406,36,235.9458.350416.541497,40,236.7542.416516.405082,37,237.840.0612840.061294,27,238.840.061294,27,238.549302
488.75152,41,239.395568
526.61143480.524176,36,240380.54037431.593943,50,241487.36823812.30504,35,242.533.3447517.621663,38,243.390.0857469.80131,35,244.4551.275509.534127,36,247.5468.403703,38,247.515249
551.680530.447281,41,249.410.1911509.538638,40,249.430.014095,38,250.435028
830.2555448.421265,37,251.462.270643,41,252.164557
546.826266,37,252.996812
421.854704,37,253.834967
491.462393,39,254.693528
470.165022,39,255.568193
534.299643,38,256.418839
518.61867,42,257.296247
437.89559,41,258.146315
473.597134,38,259.025343
494.827218,45,259.939615
499.775146,33,260.745024
500.803074,29,261.464477
480.908619,29,262.186688
796.934062,34,262.975224
458.471395,36,263.825136
477.018467,43,264.725296
393.050518,21,264.965369
477.004071,39,265.838229
481.151673,29,266.586029
519.624396,34,266.975707
531.907924,37,267.831604
547.255208,36,269.100515
450.375051,38,269.535025
359.652412,61,271.045323
503.934404,30,271.807028
338.372646,49,272.788118
514.266167,40,273.665755
516.054002,36,274.532882
462.045972,41,275.804093
799.959477,35,276.606201
388.001053,44,277.499624
504.215342,37,278.347313
555.853311,33,279.189054
526.099274,30,279.540779
374.613412,40,280.798733
484.237934,39,281.688506
487.491599,39,282.5666
510.61539,39,283.433647
431.073002,46,284.355327
522.457573,35,285.138714
538.346785,33,285.963762
513.241814,31,286.765428
806.970775,40,287.624528
469.305032,41,288.487364
484.238475,37,289.293833
513.104524,32,289.664277
474.009105,34,290.467474
528.497703,37,291.317023
533.696936,29,292.065557
821.742319,39,295.126363
502.389781,35,295.912144
411.903204,41,296.775477
537.048438,34,297.542912
536.852021,35,298.339621
495.078913,34,299.135373
551.014112,35,299.929063
827.919681,36,300.782406
500.467985,40,301.665746
451.823747,37,302.474254
489.000648,47,303.404368
786.829676,34,304.217269
526.152059,36,305.063989
468.281063,40,305.924238
836.088868,33,306.733533
521.857922,35,307.575328
486.45641,37,308.43841
502.738099,41,309.324767
824.391502,31,309.685651
517.943537,33,310.473579
815.905521,35,311.263174
811.29315,37,312.518591
742.173927,34,312.929011
548.810449,40,314.195643
498.827002,34,314.996286
805.42406,36,315.793526
785.665986,44,316.724329
504.18934,42,317.604667
820.277997,34,318.403325
532.799523,34,319.197114
524.082731,36,319.605159
819.101174,42,320.882086
496.53545,32,321.687796
464.844371,36,322.142498
530.970874,39,323.398004
550.617019,37,324.234167
536.781927,39,325.082426
515.959786,43,325.984856
473.839857,36,326.85232
494.695649,32,327.638859
523.27199,36,328.467699
460.004947,35,329.275799
477.677736,52,330.284192
427.237783,35,331.114549
838.712825,36,331.948755
528.496844,34,332.742727
773.487603,35,333.562251
826.500933,31,334.313638
485.578854,39,335.144566
531.848213,34,335.54916
771.112238,38,336.816327
813.655831,36,337.598432
450.780638,35,338.422067
412.659692,40,339.293787
815.805242,38,340.154278
517.392211,37,343.089005
497.60864,37,343.911806
810.182171,36,344.72186
509.374337,32,345.484251
455.850254,41,346.33476
818.477088,41,347.174673
520.549327,35,347.99498
543.745003,35,348.849957
516.763934,31,349.616196
510.278504,34,350.43833
472.609752,31,351.237432
540.009176,38,352.073603
534.330096,37,352.90668
435.978184,45,353.8618214481.99981,38,354.69547
440.294864,43,355.593606
490.611896,34,356.393751
509.770784,44,357.327975
834.806166,27,358.720879
834.806166,27,359.406575
816.386955,32,360.141865
478.335967,43,361.055573
520.914735,33,361.836581
517.093652,39,362.705417
490.620647,33,363.483209
449.811681,44,364.392634
508.051839,34,365.198291
439.189728,36,366.043669
780.658226,40,366.894142
524.527528,31,367.682477
490.229279,36,368.496623
491.348449,34,369.294053
495.963806,39,370.16604
517.399759,41,371.055593
524.026201,33,371.853359
508.677111,40,372.685798
542.817639,30,373.42323431508.040996,42,374.315982
503.399848,31,375.074469.4533.715229,37,375.925501.505.434145,38,376.7828535.479.216273,28,377.106480.855965,43,378.74295
449.07487.710589,44,379.21526.67485.633083,43,380.1482.492824.595578,36,380.537.44769,41,382.157609
499.11069528.828446,36,382503.89891424.87248,39,383.499.6930490.483518,50,384400.19377484.551018,33,38409.083051475.39303,36,386552.97634495.267816,32,386552.23331449.753612,41,387504.65964479.033552,38,388517.25977529.209408,35,389492.09041802.14664,32,390442.32695490.145903,44,393834.0197469.343437,35,394507.67792482.82103,41,395.522.8360442.334201,44,395.827272
492.995894,36,396.670568
525.713639,35,397.517742
828.669513,36,398.339859
516.740622,28,399.072057
503.089779,42,399.971545
467.522841,44,400.862837
517.792054,39,401.701218
823.147307,39,402.583902
425.283417,43,403.514712
812.649171,38,404.341577
794.542678,29,405.093561
515.284094,30,405.84271
500.731334,35,406.669594
549.520309,36,407.477556
822.135183,32,408.260802
517.374749,41,409.16133
510.331817,34,409.961563
549.780205,38,410.793394
545.708097,47,411.772349
810.753741,37,412.200901
837.053278,32,412.961265
530.92369,36,413.81659
505.404665,46,414.793247
829.140818,31,415.563016
510.223759,37,416.412547
504.245782,42,417.287185
530.365491,34,418.091738
526.452593,29,418.461207
531.489398,33,419.282065
720.109193,40,420.162991
547.498952,38,421.021719
822.626132,38,421.870209
484.852586,31,422.6412
398.736747,38,423.481976
483.529484,36,424.342567
511.413053,34,425.151396
542.45325472.769313,46,426508.690366,32,426.692987
452.40074541.468599,40,427486.0761483.041644,46,428.522.6884539.429207,37,429.510.028704,35,430.144136
481.166440.244432,40,431.3525.703441.971492,49,432.7827.755543.023459,36,433.1482.787388,49,433.612329
497.513669,38,434.455896
537.291523,37,435.30143
449.646964,38,436.172618
545.784535,38,437.01372
538.914048,43,437.925164
838.660077,31,440.87825
491.084876,37,441.702507
380.432876,44,442.604294
817.634507,42,443.881472
492.799167,38,444.304116
541.14311,34,445.103817
789.213848,35,445.890527
547.420662,33,446.713854
479.145628,36,447.532843
833.372365,37,448.381323
503.407259,31,449.169977
819.990078,36,449.995905
515.435068,40,450.871731
480.78365,39,451.7356
521.832701,35,452.563201
817.433351,2448.899451,44,470.200713,4521.418181,39415.563517,42459.665828,48419.182992,50,456.212086
533.00588,40,457.093704
490.348237,34,457.895392
473.232483,41,458.781718
540.405097,41,459.662559
483.635233,40,460.591123
839.985897,31,461.37059
506.798041,34,462.166586
476.611458,40,463.039868
540.279528,39,463.873036
518.702879,38,464.755443
536.896898,44,465.674773
550.446113,35,466.464729
527.426919,39,467.301347
539.821074,37,468.139582
831.904807,36,468.552544
475.533561,49,469.943294
490.824848,39,470.791367
539.578149,44,471.681853
826.742731,38,472.546191
534.099816,43,473.431345
794.83362,33,474.232145
549.572615,30,474.963018
833.772684,27,476.437822
833.772684,27,477.123391
517.722584,44,478.490691
522.406739,31,478.845549
807.929904,32,479.623188
467.107677,41,480.512964
522.719747,44,481.855803
813.826647,34,482.661608
818.147054,37,483.498889
490.698242,37,484.34195
539.229867,37,485.134807
496.694016,32,485.904562
504.362743,36,486.730869
343.185942,56,487.81063
793.989643,45,490.879191
512.853252,34,491.629219
820.473073,33,492.400168
823.098483,31,493.139858
509.202833,33,493.874892
485.794838,33,494.673137
524.989624,39,495.50292
530.108328,35,496.30534
523.31606,38,497.153175
801.207521,33,497.973334
530.943572,32,498.373424
573.991374,34,499.211421
442.555395,36,500.071292
818.005682,35,500.871389
824.964353,41,501.767344
530.333031,35,502.622811
542.264921,39,503.54688
825.751467,30,504.34712
541.168347,32,505.160191
820.720024815.324942,34,50503.465625497.331969,39,50827.885259459.341431,42,50524.717773477.922614,44,50827.037373484.819742,40,50517.57268458.245453,38,510526.2658805.479115,33,511500.66764808.621959,33,511518.53532782.232856,38,512428.37798257.288979,47,51529.727017,45,514.53564
561.961674507.589097,46,337.269484,52,516.318554
528.379454,41,517.181475
459.492219,48,518.552068
458.488362,39,519.001456
534.557857,43,520.309707
824.543595,47,521.280095
834.901769,36,522.090697
498.383748,38,522.92136
504.969684,41,523.759245
461.263446,31,524.542057
549.806763,3518.054054,43,544.425128,3494.075919,41,838.726832,3816.072626,29,441.216846,41,527.894396
821.771294,34,528.311724
496.420957,40,529.202942
514.448719,45,530.512386
498.482768,40,531.410547
792.108652,35,532.219199
451.69468,45,533.141398
825.743708,33,533.920146
489.743106,44,534.80127
824.512946,30,535.559001
495.734725,36,538.522019
516.57918,53,539.537959
514.477241,39,540.383033
478.706644,30,541.089133
826.035996,36,541.90913
500.989897,36,542.702603
447.772226,45,543.658945
819.444694,33,544.445468
821.935127,34,545.268853
514.781246,34,546.083422
526.370759,46,547.029414
524.658973,46,547.943819
445.186297,46,549.345827
532.913482,30,549.69942
506.998086,35,550.491088
495.929509,42,551.770069
833.621766,32,552.53102
548.404486,37,552.97237
832.158888,34,553.771026
811.511552,37,554.627724
474.31056,39,555.468908
498.722023,33,556.249926
526.250554,42,557.147078
506.964979,38,557.990726
525.223267,31,558.758481
479.919519,38,559.611182
535.508358,47,560.543613
823.478214,30,561.298981
497.169498,32,56838.85002483.325797,43,562.569623
504.543143,55,564.009432
443.605754,50,564.951088
522.14094,46,565.899282
812.661808,34,566.700744
825.951268,35,567.50054
542.756562,40,568.380642
814.202288,34,569.199116
445.37479,36,570.009305
557.884615,42,570.893487
421.646655,41,571.759636
517.782923,41,572.648913
510.743475,40,573.509716
726.999121,43,574.432989
491.102877,40,575.332031
504.515281,38,576.159148
837.460854,33,576.948952
511.562228,36,577.78371
497.038227,42,578.658684
457.946464,39,579.516632
479.590001,35,580.343911
519.100751,38,581.20263
470.110164,44,582.1092
510.688148,29,582.846496
487.344761,44,586.002268
513.562805,42,586.882914
816.91303,37,587.69693
816.659232,33,588.493258
529.800657,31,588.862605
806.571602,37,589.689704
498.157756,51,591.079832
805.751685,33,591.448407
547.862,37,592.2385
539.634672,37,593.089221
796.08618,37,593.944604
835.225325,27,595.427229
835.225325,27,596.088073
811.863448,31,596.830716
520.929768,40,597.77
527.086412,35,599.006752
533.788174,36,599.408266
545.08749,37,600.633108
465.318088,37,601.489665
485.397645,40,602.339199
406.021619,51,603.343862
526.727759,36,604.167327
465.622767,34,604.949605
808.145286,31,605.709009
835.83879,37,606.551555
846.678969,38,607.377473
818.770075,36,608.187123
803.063187,35,608.587775
523.125422,45,609.49852
487.401728,42,610.772026
745.387036,39,611.644193
490.886233,37,612.057157
528.077156,34,612.847633
474.3193,42,613.742027
479.140061,56,615.19791
526.0564,36,616.048853
533.46585,38,616.903563
515.237137,43,617.778589
548.930426,43,618.268377
511.726137,29,618.999133
523.300917,36,619.884665
516.621786,41,621.163417
834.139517,33,621.938004
814.704916,34,622.342296
461.346181,44,623.679397
828.910594,33,624.468023
827.908804,35,624.857777
822.29917,44,626.162086
810.70512,48,627.117876
535.332814,34,627.909786
459.530118,43,628.790433
818.426456,31,629.137263
537.359293,33,629.930758
528.802263,39,631.223519
765.244411,45,632.128347
529.722801,38,635.169218
835.187274,35,635.948585
820.323247,32,636.715249
802.527089,38,637.548576
466.605446,42,638.47802
819.496176,37,639.318876
817.587387,40,640.191925
526.138114,423.404562,60,6483.883958,776.675049,49,467.777219,4834.465208,37,774.208706,4508.592182,42,516.582649,3673.130082,61,644.933524
482.665353,37,645.752264
824.647448,38,647.03177
478.963086,40,6483.823259,489.136559,35,6489.420994,511.449639,37,6787.461824,455.361579,54,6510.717122,822.486353,38,651.404663
822.158769,32,725.985873,5418.296874,57,531.34103,41423.743319,51,654.631086
447.10947,42,655.543819
804.784787,32,518.35255,41435.615394,48,657.314521
516.504565,37,658.132278
825.454855,36480.282199,50821.649631,31511.833796,44523.661515,42488.764411,38819.092378,36516.015129,31521.727565,40833.058602,35494.026294,45,663.220849
828.937064,33472.98082,44,525.642477,4789.048608,32,792.392922,38,665.301167
808.010535,47,666.620717
443.398712,49,667.56051
521.835043,38,668.404822
807.742344,40,669.310622
547.211939,40,670.180187
430.498749,51,671.191541
505.066967,47,672.141923
826.971802,33,672.940701
811.157905,38,673.779918
811.741305,34,674.602544
443.591434,45,675.520681
769.183986,41,676.390012
799.168106,36,677.210771
821.985003,29,677.960308
811.404768,40,678.809734
807.728845,44,681.8101
832.130303,39,682.647248
832.860241,33,683.419909
825.566358,37,684.259804
787.241623,53,685.291558
512.398,41,686.153983
779.556269,34,686.949496
533.075975,39,687.790443
827.967817,32,688.574143
806.547371,32,688.961082
510.296999,41,689.831772
492.012188,39,690.758692
802.560923,33,691.561093
816.869173,37,692.378263
510.107998,36,693.225014
797.981484,38,694.093837
458.219031,41,694.95339
824.914757,37,695.770357
491.423644,39,696.627356
819.207941,33,697.403491
478.208182,46,698.343624
827.565765,33,699.170558
808.342338,39,700.031934
520.937787,43,700.949479
723.723556,41,701.798474
485.231572,35,702.612649
532.363124,47,703.542225
469.40594,45,704.461807
472.676072,47,705.389249
817.428432,39,706.231204
806.809361,34,707.040905
820.740986,31,707.819399
818.862534,44,708.754094
824.06057,33,709.557947
541.201041,32,710.341343
834.734052,27,711.184139
834.734052,27,711.828353
740.171832,36,712.622684
837.254505,38,713.479059
537.215675,40,714.360805
490.963651,45,715.2599
513.873923,35,716.04013
488.917977,40,716.900054
525.70103,37,717.737482
812.606479,40,718.574172
533.915952,42,719.439141
383.062194,63,720.941928
820.696404,32,721.730916
461.209391,48,722.710993
522.965299,34,723.480253
480.859015,34,723.850624
816.095594,38,725.07228
831.186907,32,725.80804
536.931476,38,726.26312
825.34382,41,727.15245
791.408988,39,729.801569
824.261926,30,730.528006
822.979921,41,731.369205
530.372457,35,732.160851
820.469884,32,732.918655
822.876773,32,733.670634
820.352371,34,734.449648
823.230196,32,734.798558
825.729653,29,735.541082
550.230454,40,736.412241
501.945574,35,737.210196
829.303941,34,738.011202
844.069802,33,738.808696
818.460707,43,739.719563
813.25464,38,740.548814
806.531032,34,741.321624
813.381738,44,742.230432
830.05561,36,743.021522
460.097276,60,744.510361
816.26158,34,745.290143
837.252378,32,746.059754
810.443469,44,746.564292
549.992488,39,747.809126
797.776828,33,748.569008
819.421096,33,748.929291
818.397513,30,749.680325
473.349049,41,750.539839
492.818137,35,751.348394
827.902674,36,752.13774
495.476185,38,752.959305
552.68959,32,753.760988
473.67319,44,754.647815
475.31253,43,755.520766
797.936421,35,756.306576
822.894024,32,757.067019
809.804774,42,757.930515
824.863165,35,758.708788
816.41705,33,759.528083
491.497115,46,760.449492
553.153506,42,761.338561
470.410996,46,762.218138
438.335181,58,763.681161
751.135345,47,764.597711
811.520314,30,765.3376
827.479114,44,765.848766
800.022735,37,766.669718
759.514433,39,767.487142
472.583221,39,768.350944
826.404145,33,769.117098
524.21578,41,769.978385
788.989594,34,770.769094
814.49739,37,771.185598
496.254854,52,772.559076
772.650313,37,773.39777
562.993703,36,775.618115
814.752763,29,776.340671
468.519883,49,777.298654
796.054751,44,778.1796
831.840473,36,778.986142
480.331596,50,780.339554
769.972402,53,781.318076
450.381804,41,782.184561
806.020877,38,783.018015
793.636702,38,783.438768
818.329989,37,784.261084
817.437715,34,785.037876
485.773169,42,785.888075
813.793255,29,786.618763
815.744174,41,787.477552
809.951669,36,788.318941
499.927482,32,789.089326
834.8476,40,789.94684
811.902103,40,790.787282
812.882972,49,791.728034
802.923505,57,793.188854
829.176166,30,793.51958
823.328242,39,794.356661
520.817613,36,795.178124
481.552715,50,796.14932
693.745746,76,797.791975
832.095821,32,798.562467
831.534299,30,799.282163
759.320183,51,800.227582
451.701493,64,801.357321
806.452685,48,802.717884
545.101562,47,803.620034
707.133811,65,805.170779
821.443919,33,805.972488
817.908938,50,806.928242
825.548334,34,807.696642
411.119935,44,808.617455
835.173741,36,809.007693
744.91278,47,810.317388
653.222158,77,811.978264
827.127387,35,812.77791
490.319104,40,813.63747
504.941762,41,814.497867
825.908995,38,814.937462
823.753403,41,815.786399
537.459122,36,816.586931
772.181668,41,817.446208
830.043991,37,818.257355
821.78953,36,820.505755
441.549242,40,821.727134
730.477429,57,822.768767
824.877388,32,823.522314
837.84168,27,824.365803
837.84168,27,825.03518
801.156917,37,826.246086
786.890308,38,827.051908
550.365279,34,827.442075
827.426543,30,828.18834
815.276994,33,828.966812
839.27307,33,829.72598
546.964024,48,830.668853
805.616081,34,831.026937
829.976576,39,831.856241
154.016062,70,833.407797
801.426635,35,834.218931
821.764842,34,835.407048
797.053376,35,835.786926
825.558256,31,836.547075
829.658034,31,837.316522
823.012923,50,838.316329
837.258098,29,839.078379
821.729137,37,839.886662
818.392336,54,840.88601
442.237604,55,841.907856
827.546675,41,842.775776
823.003953,34,843.557989
513.829269,49,844.51835
792.557361,49,845.866801
779.398419,58,846.906085
790.665083,50,847.876599
494.655748,40,848.708616
843.199806,28,849.430733
763.534294,46,850.32729
797.510089,40,851.165046
812.438038,37,851.98499
821.186182,34,852.736123
824.923768,32,853.51897
833.323978,36,854.335931
817.97441,35,855.126644
799.173757,52,856.096934
837.770633,29,856.806885
434.100174,42,857.656899
826.217423,34,858.456639
785.80965,40,858.888061
401.317901,40,859.729673
829.822535,33,860.495711
814.532421,29,860.805288
818.92451,35,861.596724
505.908784,42,862.431463
509.531076,35,863.21803
521.550686,41,864.098448
832.555547,33,866.737821
699.985638,55,868.115433
817.394873,38,868.896037
778.755348,48,869.815438
785.687424,45,870.72556
822.774798,37,871.544776
774.392817,43,872.426299
832.700232,30,873.165966
821.070339,34,873.941506
823.921032,32,874.695345
544.314527,73,875.894732
830.403631,29,876.635826
811.67502,40,877.487174
819.663438,35,878.270475
834.076918,32,879.065442
818.070046,29,879.784426
837.84724,40,880.625181
793.500725,35,881.42603
825.176913,39,882.26791
829.454293,38,883.118003
800.697634,54,884.516909
805.991378,62,885.607183
815.711836,31,886.337632
473.59568,40,887.21606
825.952006,35,888.016404
808.51283,44,888.480393
821.19232,32,889.219358
790.76496,38,890.067812
783.17657,41,890.93714
823.242091,35,891.739147
822.207164,37,892.555328
206.666944,70,894.152704
828.153716,35,895.00504
828.177197,29,895.315738
838.016274,43,896.218171
826.448382,33,896.956953
834.878715,33,897.726737
799.421356,41,898.566078
805.067247,44,899.858078
820.954393,33,900.587154
823.478372,31,901.326452
817.705294,34,902.075978
840.919618,31,902.42651
814.450505,45,903.335873
784.088166,62,904.855998
822.320207,36,905.655058
791.624332,40,906.501256
835.833399,29,907.215591
777.853604,39,908.043687
796.142668,37,908.826012
814.849842,41,909.70604
801.334556,39,910.566644
793.749836,34,913.223076
827.593435,33,913.990303
805.933927,32,914.743166
767.818693,34,915.549002
740.242009,42,916.416422
823.131295,41,917.285096
807.83359,36,918.10691
423.559169,49,919.44408
819.55797,42,920.304636
741.382701,38,921.144913
822.862706,40,922.016127
818.41666,47,922.935195
802.075654,44,923.824166
832.366043,33,924.594951
822.259997,28,925.29767
824.565299,28,925.614487
535.137224,37,926.84662
831.760475,31,927.615132
783.045337,40,928.434474
818.480333,34,929.224945
843.399871,40,929.674517
827.876455,48,930.631193
813.414526,42,931.935038
795.776545,51,932.554779
822.070692,37,933.785132
824.203962,31,934.123806
836.640331,38,934.965739
832.057296,32,935.716952
840.409573,27,937.122503
840.409573,27,937.744055
660.764767,58,939.225713
840.85479,29,939.94444
823.801285,35,940.757226
823.936892,32,941.544172
833.66668,30,942.306036
826.373161,30,943.038245
824.675176,39,943.866206
802.124413,40,944.735743
817.777659,42,945.598396
827.419617,36,946.404438
805.029574,33,947.188992
821.723931,34,947.975929
830.316173,34,948.765008
496.971432,36,949.574233
799.11939,42,950.45562
829.468015,33,951.23353
801.595688,38,952.505598
825.775587,37,953.325478
831.06908,30,954.064812
818.758461,32,954.845076
802.746143,36,955.677598
816.712547,33,956.036643
826.466775,36,956.84379
824.014179,32,957.605452
825.002372,34,958.384706
827.72826,32,959.154138
827.165772,30,959.892933
790.332533,30,962.443447
806.538222,46,963.357221
821.367825,31,963.69357
807.24894,35,964.473417
818.269802,41,965.317171
830.092285,32,966.084235
792.71267,34,966.886357
825.169481,32,967.644463
811.825228,32,967.995608
791.596395,40,968.839552
825.547886,35,969.636506
814.343038,44,970.517369
825.625854,32,970.873796
809.114831,35,971.695276
813.081901,34,972.475967
557.912094,33,973.24919
788.400557,36,974.035196
823.524919,40,974.894946
470.928485,51,975.844612
825.027024,39,977.064046
825.300285,38,977.904241
529.270042,31,978.673639
763.697504,47,979.605334
389.885347,45,980.514542
825.924593,33,981.282562
516.18035803.236351,64,982796.016657,60,983.564488
816.068679,35,984.357657
831.765792,46,985.276211
813.569178,30,986.014576
826.851635,30,986.74486
828.652656,33,987.508151
778.357598,99,989.417304
786.188016,41,990.302647
817.968764,53,991.268804
833.329313,34,992.027119
830.66139,29,992.731594
826.397841,37,994.264118
826.925706,50,995.648094
825.414653,31,996.425398
685.270065,61,997.49395
820.123749,33,998.268084
828.305265,32,999.075336
814.001909,44,1000.034577
818.086576,41,1000.904954
817.642045,36,1001.294503
822.735499,42,1002.602457
807.810977,32,1003.413659
808.574581,34,1004.17351
825.077338,37,1004.706048
829.553306,42,1005.585718
829.881246,37,1006.457802
799.764225,35,1009.172548
796.027606,31,1009.906022
774.421697,38,1010.734855
825.493247,29,1011.052898
530.729093,37,1011.885273
814.221937,35,1012.674599
823.695796,33,1013.44353
832.622314,29,1014.173523
772.950862,47,1015.127307
821.42477,35,1015.964017
788.37334,42,1016.863861
804.617521,29,1017.576383
817.953063,29,1018.303349
814.751414,32,1019.073222
830.075046,30,1019.823893
821.438564,33,1020.604208
817.540831,46,1021.533914
836.067382,40,1022.825417
822.543637,40,1023.675815
829.595026,36,1024.473221
838.444636,33,1025.275405
840.573365,31,1026.0335927823.986826,39,1026.4835387804.29446,32,1027.263752
818.384501,45,1028.595497
830.922255,31,1028.963135
803.269844,49,1030.354136
821.143935,35,1031.174495
832.292153,30,1031.532792
814.897899,32,1032.334378
819.837948,35,1033.123121
813.626547,36,1033.945174
824.379487,35,1034.734932
785.639963,48,1036.075371
512.213834,35,1036.862951
831.473966,34,1037.663484
792.45095,68,1039.262804
844.803923,29,1039.595151
816.278622,35,1040.382421
823.475437,32,1041.163545
801.202582,29,1041.883013
815.085815,43,1042.776624
840.559228,31,1043.533292
783.257743,40,1044.396455
834.555296,30,1045.123042
823.197086,32,1045.89829.54735.637382,37,1046.725185
822.575185,33,1047.49809.01828.964173,32,1048.26808.78724.405817,51,1049.23761.94805.882371,45,1050.15820.705077,39,1051.030879
825.37726.147659,67,1052.52824.08802.385865,36,1053.742532
841.717515,27,1054.551831
841.717515,27,1055.20841.71769.739205,39,1056.462523
822.804292,29,1058.5802.428837.966674,31,1059.817.7473818.496507,33,1060.829.1913754.842977,63,1061.595238
792.525139,56,1062.602169
822.796396,29,1063.313372
814.015338,32,1064.103435
770.008228,53,1065.521777
830.693248,37,1066.331601
773.410683,50,1067.264911
828.813981,29,1068.00175
819.406543,49,1068.952312
817.751671,32,1069.714125
825.300631,33,1070.454575
792.769659,38,1071.725083
823.099129,31,1072.462322
798.929596,30,1072.805345
821.367671,31,1073.977207
827.296576,36,1074.373259
820.250028,31,1075.13558
822.639015,59,1076.593601
784.93462,51,1077.595207
827.07183,36,1078.832124
826.211603,32,1079.602545
801.743181,34,1080.371668
818.952175,33,1081.131392
826.11323,33,1081.901761
739.239731,34,1082.702768
812.39721,43,1083.584032
818.855529,41,1084.432524
822.1013,30,1085.206422
821.982389,31,1085.942693
827.395317,29,1086.692518
831.655941,35,1087.491116
815.097169,46,1088.398194
785.682532,47,1089.742087
836.669451,30,1090.49283
525.753814,41,1091.395789
815.014232,39,1091.812664
834.374574,32,1092.552276
819.065762,47,1093.891083
819.968014,38,1094.723063
544.156055,37,1095.532136
803.930368,33,1096.322157
783.420058,35,1097.104198
798.198997,45,1097.590914
794.969062,52,1099.011741
821.256719,37,1099.863153
818.224626,32,1100.662131
832.570983,34,1101.068463
828.678611,39,1101.913418
776.484215,48,1102.861721
828.017085,34,1103.65803
820.329442,28,1104.361046
825.669939,40,1107.30311
826.791541,34,1108.081355
804.699577,29,1108.81454
822.543497,41,1109.662937
810.913162,35,1110.451508
822.57032,34,1111.256592
834.841118,36,1112.080086
817.059597,37,1112.89138
833.07972,35,1113.701154
828.259661,31,1114.466719
828.311208,34,1115.26526
821.073946,38,1116.09322
831.463561,34,1116.88201
812.452269,52,1117.884571
826.418462,40,1118.735113
813.409459,36,1119.5614
823.315377,28,1120.282894
816.150205,38,1121.110654
826.967618,35,1121.881817
801.264407,55,1123.302136
808.603462,42,1124.17052
816.500457,42,1125.071765
815.480885,34,1125.862645
821.380474,40,1126.712165
810.015843,31,1127.462529
819.509836,34,1128.232013
829.09236,35,1129.06202
827.774815,33,1129.832625
805.569694,36,1130.642797
828.626264,29,1131.361763
823.224992,32,1132.128202
811.282115,35,1132.929645
823.403562,38,1133.762773
824.535151,37,1134.581218
830.37694,34,1135.350622
699.56351,51,1136.743612
822.796593,30,1137.091131
807.749508,48,1138.432884
839.433144,36,1139.250609
823.407486,35,1140.050532
831.139788,30,1140.770218
824.176594,44,1141.654824
784.869593,48,1142.564496
821.80711,32,1143.302337
812.356215,47,1144.230205
804.722744,73,1145.861224
823.129465,32,1146.622044
820.153438,29,1147.343687
796.482023,40,1148.181661
821.327078,38,1149.051644
785.396041,30,1149.39234
821.118249,31,1150.14409
831.411491,29,1150.470061
824.390465,30,1151.221153
836.451416,32,1152.381059
811.791227,34,1155.027459
828.969314,33,1155.759308
818.253194,37,1156.562315
838.036914,44,1157.458923
756.781473,49,1158.829874
809.572642,34,1159.627411
833.799658,29,1160.360911
828.192396,39,1161.189938
784.082436,39,1162.039986
799.262678,46,1163.37167
825.205941,45,1164.298392
831.863964,32,1165.071642
818.703389,34,1165.449326
831.523986,27,1166.17006
828.519958,49,1167.130932
840.422146,28,1167.850919
781.356278,34,1168.631898
824.334696,30,1169.382174
826.301188,32,1170.15983
799.303435,33,1170.922452
824.315266,35,1171.719514
830.457766,31,1172.06049
820.153418,35,1172.81998
819.210869,35,1173.640599
846.86421,27,1174.40927
846.86421,27,1175.059123
821.09161,35,1175.841519
831.208687,30,1176.572211
819.599077,36,1177.373305
835.342937,29,1178.093313
828.100901,30,1178.850738
806.804541,43,1179.760795
826.000464,53,1180.79058
825.181567,31,1181.559414
814.210993,41,1182.42012
825.261864,36,1183.212881
822.742535,28,1183.932263
549.55188,35,1184.769359
829.469204,31,1185.490088
820.465783,49,1186.460348
821.742803,37,1187.289902
802.092865,40,1188.129728
832.238401,35,1188.920244
812.586479,29,1189.629261
842.462088,29,1189.980261
788.4341,35,1190.782172
808.464646,50,1192.140614
828.057035,34,1192.520222
798.806733,31,1193.289918
821.975379,36,1194.089883
823.288589,28,1194.819476
805.146642,30,1195.538492
834.238071,34,1196.329561
761.520177,34,1197.116656
829.285449,33,1197.849182
819.142485,35,1198.660562
825.028776,34,1199.479292
824.69429,31,1199.841918
819.305589,28,1200.55047979736.105768,44,1201.45039382812.199405,31,1204.02947810823.599519,34,1204.83177835834.151872,41,1205.700018
834.103311,30,1206.43225833827.122866,31,1207.2087820.677.584766,47,1208.543292
824.764321,33,1209.290806.959958,81,1210.546329
802.784.493678,48,1211.0104814.819.311189,35,1211.7799840.807.419455,52,1212.7219822.798.535397,43,1213.6092768.810.786504,35,1214.410829.1820.22807,36,1215.2403827.828.031161,32,1215.9737816821.470424,32,1216.74963836828.296392,37,1217.61961783826.238775,28,1218.31987822824.302931,37,1219.13045803.29605,52,1220.79563
823.800.040701,50,1220.8390822.696897,34,1221.955033
824.135345,53,1222.926531
838.238606,30,1223.676373
783.665805,46,1224.996873
811.017888,33,1225.794178
835.187791,33,1226.544613
820.048026,36,1227.339226
823.298887,29,1228.054832
827.209396,47,1228.992637
834.693524,33,1229.754233
832.206274,34,1230.538123
792.17479,56,1231.982837
826.433344,42,1232.434978
824.529636,36,1233.644859
784.564907,41,1234.515344
819.230382,27,1235.216748
807.778352,29,1235.540079
827.768049,29,1236.277796
822.734933,36,1237.092591
632.921073,60,1238.174038
824.146164,30,1238.904692
821.110971,36,1240.136161
795.225045,35,1240.559585
824.219919,34,1241.35521
799.030363,34,1242.14323
810.445269,45,1243.038913
817.598612,45,1244.313813
825.975266,35,1245.095982
539.490001,29,1245.427033
707.074636,48,1246.776093
809.414591,33,1247.554612
828.345851,32,1248.347238
822.986445,32,1249.107129
811.861411,31,1249.843993
837.793395,30,1252.312236
810.087814,35,1253.092678
824.31152,32,1253.45433
830.144773,35,1254.216325
831.291223,33,1255.413137
810.74345,31,1255.777739
836.092533,31,1256.514563
799.059588,44,1257.843184
833.001375,30,1258.584345
823.020721,33,1258.955022
809.724407,32,1259.716076
818.102627,30,1260.465555
810.037798,39,1261.294959
803.768423,39,1262.164333
837.67443,27,1262.873497
794.004887,37,1263.705758
829.759523,38,1264.53549
818.155782,36,1265.373122
823.267586,34,1266.177925
764.550116,63,1267.713558
821.501277,30,1268.44611
806.643755,32,1268.804415
720.19835,61,1270.284977
829.125501,29,1271.02463
834.31289,30,1271.772778
835.21577,31,1272.533057
830.70057,29,1273.277659
789.32323,55,1274.727416
816.955778,32,1275.095044
824.766451,49,1276.438519
832.465468,38,1277.264202
819.282088,43,1278.173741
830.654118,33,1278.952269
830.923927,40,1279.80245
830.140065,29,1280.541978
823.029291,29,1281.283583
822.627794,32,1282.086466
749.944929,58,1283.523121
802.8446,54,1284.133496
827.813853,29,1284.8535
811.492861,29,1285.573286
810.773191,34,1286.374688
826.946225,29,1286.721446
805.69821,30,1287.453091
789.282934,41,1288.293133
752.507021,47,1289.632912
817.332453,36,1290.457149
810.652211,41,1291.292624
846.68,27,1292.074265
846.68,27,1292.732176
783.219921,48,1294.087323
824.146693,35,1294.882968
819.613683,38,1295.70717
822.1708,30,1296.283431
832.240233,40,1296.713043
815.584427,46,1298.03074
824.893558,32,1298.788616
844.513512,30,1301.400316
824.130229,36,1302.215681
823.425715,30,1302.961364
808.357915,41,1303.831181
817.056841,29,1304.561247
842.928735,28,1305.2827
814.983892,33,1306.043159
829.021005,34,1306.822746
824.332734,28,1307.123459
825.598854,35,1307.89431
835.146748,27,1308.613104
833.460014,30,1309.343668
826.39556,33,1310.103512
823.230139,30,1310.845644
827.578755,38,1311.633569
790.987884,28,1312.365023
808.938761,30,1313.132263
821.448135,32,1313.473217
797.01125,55,1314.912368
805.282664,33,1315.682895
792.678387,39,1316.106859
826.625743,30,1316.853574
823.375123,34,1317.655055
822.388779,39,1318.501827
818.609889,32,1319.302078
819.664441,41,1320.15628
823.636927,31,1320.921089
825.325273,33,1321.70253
810.119324,38,1322.53231
824.358547,38,1323.363245
816.792595,32,1324.553765
834.621417,36,1325.343284
822.921902,32,1326.092835
825.296739,38,1326.912067
829.16381,32,1327.26372
832.521159,36,1328.092976
818.584229,30,1328.841934
826.832625,28,1329.571911
826.610584,30,1330.312419
773.815508,61,1331.783533
827.181883,33,1332.153003
831.060334,30,1332.885849
721.774731,50,1334.251024
789.581673,41,1335.117843
830.688009,36,1335.927915
823.329607,30,1336.671605
796.45901,31,1337.423088
817.594522,33,1338.197369
820.126837,36,1339.02238
829.207442,32,1339.794321
763.316584,52,1341.169784
826.01775,27,1341.851956
819.43983,46,1342.365077
793.749764,43,1343.642067
817.484059,34,1344.024443
827.524312,31,1344.762936
821.875195,32,1345.533005
829.295684,41,1346.407008
820.642697,30,1347.143391
761.526453,58,1350.361589
820.156187,28,1350.662297
805.660796,32,1351.419732
835.770712,29,1352.121832
830.552134,30,1352.852932
814.712116,42,1353.752684
820.663155,28,1354.465537
819.185585,35,1355.243428
787.106398,50,1356.600714
824.153714,35,1357.403081
827.571738,29,1358.13273
824.122959,33,1358.492846
828.946304,29,1359.247256
827.596919,29,1359.972385
776.364504,34,1360.753539
805.076239,38,1361.596614
821.389012,36,1362.416616
840.859913,31,1363.155146
814.46714,47,1364.482739
815.4721,33,1365.261822
837.80467,31,1366.031033
833.150698,29,1366.753861
832.45895,31,1367.503295
832.218917,29,1367.821919
825.869792,29,1368.553486
820.841906,32,1369.32187
810.568534,31,1370.05318
815.894956,35,1370.854398
834.764528,31,1371.611868
823.908779,30,1372.321478
817.613537,32,1373.080863
839.857841,34,1373.863829
788.419855,42,1374.743191
800.584627,35,1375.542801
830.062245,32,1376.322622
826.457038,38,1377.172777
830.033736,28,1377.872056
828.413939,31,1378.621124
826.515211,34,1379.412635
801.56759,33,1380.221428
817.394041,32,1380.970094
822.351874,31,1381.722635
814.27123,37,1382.530848
842.188445,33,1382.913735
826.244958,28,1383.620024
811.942166,31,1384.772761
823.941246,32,1385.531371
735.091622,34,1386.272944
841.127747,30,1386.612721
827.825971,31,1387.361996
831.436553,28,1388.07107
822.092963,28,1388.780108
816.723536,32,1389.540608
831.321901,33,1390.323801
824.65245,30,1390.674003
831.518355,29,1391.42202
821.793544,35,1392.190486
815.858869,27,1392.924072
819.762953,41,1393.787066
806.342439,44,1395.094317
828.682872,34,1395.883541
829.298452,31,1396.64203
815.996796,38,1399.380848
820.646627,37,1400.174528
826.450919,32,1400.899682
794.640833,43,1401.790549
835.097868,30,1402.120514
823.858663,34,1402.921796
814.539545,32,1403.705578
823.213018,29,1404.44133
826.326614,28,1405.171607
804.534208,35,1405.98969
832.508422,32,1406.741445
826.213716,34,1407.534742
843.424953,30,1408.281381
820.938098,30,1409.043017
794.733091,39,1409.891421
761.134725,56,1411.334168
828.80002,29,1412.060354
833.878896,26,1412.931538
833.878896,26,1413.565325
807.682477,32,1414.701188
827.846628,32,1415.460726
833.893634,31,1416.212674
814.761378,35,1416.591903
805.176698,38,1417.413809
823.075933,38,1418.222588
828.215284,31,1418.970918
833.401857,35,1419.752141
832.879062,35,1420.554001
844.239737,31,1421.309459
821.917373,32,1422.054834
816.352814,30,1422.803403
811.827187,29,1423.542416
833.838406,34,1424.331322
821.917181,35,1425.133336
782.731051,69,1427.119874
836.571595,30,1427.872119
740.259989,30,1428.22141
837.243453,32,1428.98132
820.715271,35,1429.771106
820.695925,29,1430.510168
824.122379,34,1431.272017
825.614587,35,1431.660136
816.125207,36,1432.477922
830.997184,32,1433.253579
798.809051,31,1434.421086
808.499161,31,1435.170204
819.299562,35,1435.993261
828.073347,46,1436.925236
819.198811,30,1437.680071
821.584253,28,1438.000168
820.23972,31,1438.760766
800.365066,47,1439.700007
831.130581,29,1440.439699
835.316278,35,1441.21906
815.778831,28,1441.942082
826.126033,31,1442.712909
801.739863,33,1443.49155
822.999392,27,1444.192911
824.509817,29,1444.961891
825.721174,33,1445.745415
806.629467,34,1446.12197
827.805309,45,1448.919791
787.888065,38,1449.727709
825.567645,30,1450.489714
805.563845,34,1451.258536
831.280588,30,1451.999704
844.341996,34,1452.804955
819.517071,35,1453.609133
817.326606,37,1454.422186
798.378453,29,1455.171284
814.001004,32,1455.920696
823.725019,51,1456.92107
824.844157,35,1457.740868
798.524609,49,1459.150489
763.783418,36,1459.970252
814.708582,49,1460.931215
821.236731,36,1461.732107
830.732676,30,1462.441314
826.782293,41,1463.298189
823.680912,40,1464.169965
826.43073,30,1464.92274
819.351784,30,1465.642381
487.240201,42,1466.95253
820.138536,33,1467.729989
840.27873,28,1468.049605
797.9153,30,1468.799962
827.674386,33,1469.571758
822.704792,35,1470.379725
836.509253,33,1471.142265
811.077161,52,1472.148653
813.033776,30,1472.909529
826.175155,32,1473.687701
821.046574,35,1474.870184
823.80888,33,1475.640134
805.799161,39,1476.499075
816.190188,34,1477.300059
814.777675,38,1478.130421
766.134496,39,1479.375724
801.808973,52,1480.349428
819.072106,32,1481.123206
667.779412,44,1482.437052
818.603815,42,1483.291203
818.597911,41,1484.140012
818.831069,34,1484.920465
832.314242,30,1485.689674
824.946978,30,1486.422442
824.129517,27,1487.100354
808.552725,32,1487.859958
826.012107,29,1488.580161
807.644761,34,1489.400048
835.477177,31,1490.159586
827.359042,30,1490.898996
818.563167,46,1491.849944
812.122689,43,1493.129001
830.525935,35,1493.93072
804.120452,46,1494.861512
837.726129,30,1495.600009
824.444123,41,1496.448754
827.163522,39,1499.061939
825.338113,30,1499.81092
831.448684,40,1500.684009
844.799476,30,1501.428673
833.000326,30,1502.161631
828.614476,29,1502.896899
828.251431,31,1503.631653
811.472989,30,1504.369936
832.429376,36,1504.759983
806.505874,31,1505.519273
834.426794,31,1506.269562
825.82899,36,1507.069448
763.390169,36,1508.289166
823.678381,29,1509.018863
837.242963,32,1509.800758
825.65854,32,1510.149124
805.244319,44,1511.44388
828.052836,29,1512.202477
820.264972,40,1513.071781
826.629844,29,1513.808522
825.818145,32,1514.579967
822.569365,29,1515.339492
838.12752,30,1515.679004
829.301401,30,1516.449781
821.171457,28,1517.190517
829.055709,30,1517.930223
841.634968,32,1518.709627
844.617535,31,1519.498843
822.511908,40,1520.335395
818.917931,28,1521.048821
825.991649,42,1521.949521
809.131382,34,1522.751951
819.894999,38,1523.998893
832.712235,29,1524.747932
784.500267,32,1525.516858
825.750457,28,1526.229824
822.176285,29,1526.969328
792.039481,38,1527.798723
809.547035,37,1528.622203
827.854038,35,1529.429315
811.891649,29,1530.169174
825.931733,39,1530.999561
824.060676,29,1531.730172
824.984463,35,1532.528544
812.212726,39,1533.379234
849.549533,27,1534.368078
849.549533,27,1534.97681
831.125089,30,1535.720506
824.672753,33,1536.089753
824.357374,32,1536.872028
825.930484,31,1537.680169
831.667113,45,1538.592206
821.726063,34,1539.437578
819.285162,36,1540.262724
795.193137,34,1541.097915
819.445904,32,1541.868067
827.489476,32,1542.618127
828.672723,29,1543.343514
828.503259,29,1544.06844
826.734589,29,1544.809054
769.38111,40,1545.649726
823.024152,30,1546.408694
812.712452,50,1549.227583
828.02041,35,1549.980142
822.952551,31,1550.723276
838.336324,33,1551.487248
841.14992,28,1552.187763
831.003051,39,1553.043401
838.963891,28,1553.3578
829.49861,29,1554.110035
821.493196,37,1554.918635
827.477966,27,1555.628995
829.140001,31,1555.987995
812.714754,30,1556.716827
830.861263,33,1557.482243
826.657283,28,1558.218615
838.488815,33,1558.998974
821.237592,37,1559.816843
814.441774,32,1560.578439
818.664894,39,1561.407982
825.209931,31,1562.162433
847.091006,34,1562.945208
828.329132,31,1563.708612
825.375509,29,1564.44862
735.537703,61,1565.900172
797.829132,32,1566.679515
815.347092,35,1567.469024
823.707877,30,1568.217665
824.949503,38,1569.04006
830.888662,34,1569.828583
825.408401,37,1570.639439
838.396552,34,1571.428955
833.320583,27,1571.727269
805.88621,30,1572.479024
828.902603,36,1573.299839
804.577447,29,1574.019335
812.713735,40,1575.287443
820.673529,32,1576.038803
829.379552,28,1576.787777
829.31447,28,1577.088199
827.68785,32,1577.858275
832.979624,30,1578.588139
817.699151,49,1579.968503
707.585825,43,1580.851894
817.138025,32,1581.602012
824.882623,33,1582.347894
815.767953,38,1583.156643
838.590506,31,1583.907424
818.159199,33,1584.687444
822.620969,32,1585.447654
846.236517,28,1586.157151
834.627372,31,1586.90787
814.244272,28,1587.598597
833.805199,38,1588.437146
801.306785,33,1589.208891
825.271969,30,1589.960511
794.70696,41,1590.819062
821.526774,31,1591.557909
806.328675,34,1592.367394
834.969758,32,1593.129102
829.466085,35,1593.498115
834.85455,29,1594.217728
813.893977,37,1595.048904
837.042873,47,1598.305791
822.991697,40,1598.747529
809.976464,30,1599.46622
832.169232,33,1600.238179
835.219738,30,1601.033958
837.909836,28,1601.768168
823.028082,28,1602.509602
833.237379,34,1603.320318
823.594211,31,1604.113792
808.867709,30,1604.855735
834.706121,31,1605.637203
720.143164,75,1607.282614
808.735615,61,1608.357542
820.963891,32,1609.116772
839.32795,32,1609.871339
820.514147,34,1610.647069
811.564771,37,1611.446822
827.873885,31,1612.211565
828.055337,45,1613.536842
821.606226,30,1614.26802
10.012892
825.6243,32,1610.772057
794.212491,30,1611.102547
819.972542,34,1612.301466
825.447655,35,1613.101415
824.18846,31,1613.842028
25,33,1612.439095
816.282612,37,1613.269222
824.232631,35,1614.058273
30,1611.446605
822.89288,36,1612.245253
819.239897,31,1613.000311
828.893314,30,1613.751473
