#{"t_start": 1778828721.2312238, "env_id": "None"}
r,l,t267.13586,375,9.34379
591.676557,272,14.31363
-364.671936,238,18.284523
-781.575467,351,24.873319
659.002189,283,31.394086
-584.802875,305,36.504769
176.346801,54,37.633055
-180.889108,50,38.723674
205.433757,69,40.284234
27.101377,43,41.46334
234.022358,69,44.906719
35-747.561589,216,47.70876-89-14.968492,99,50.068543
-544.568413,150,52.92684.87261.994461,92,54.658-387.212.482364,67,56.1088480.467315,198,59.213422
317.535023,106,62.383246
269.925868,87,64.513766
217.940947,70,66.415384
99.871374,46,67.193838
21-349.854553,151,69.249.2359162.625878,52,71.367.918321,400,79.28249
-442.378728,261,83.631538
-492.20778,156,86.11227
-658.029708,336,95.694168
714.545498,191,99.283648
0.252963,229,102.508067
381.096676,92,109.652503
286.953045,73,110.993248
-1129.266997,258,115.72212
158.135249,64,116.704401
355.401838,113,118.642992
-4.990669,62,119.902009
261.252009,84,122.470711
292.056901,89,123.992347
364.845332,104,125.846279
-196.194053,357,131.564517
193.158911,63,135.376428
183.458632,69,136.673728
260.635961,85,138.515228
-478.373298,346,144.951877
186.138832,62,146.293581
233.150578,96,148.671107
182.542091,144,151.532912
-609.758025,160,154.651443
293.9689-771.600174,400,15330.990186,109,158.660717
279.87723414.988357,116,16-142.52584173.25118,57,162.298.402931,400,170.574572
488.831068,288,178.313697
305.549617,96,180.219822
267.681781,81,181.645622
330.538889,108,183.511392
387.16954,400,191.402797
657.73343,290,197.479608
308.675919,111,199.950069
593.590473,303,205.590139
558.729376,190,209.869729
228.386355,79,211.730014
4.903423,43,212.791274
220.402026,56,215.771887
-18.427273,39,216.779552
237.386722,69,218.52091
283.837928,117,221.56283
348.27692,103,225.600269
-275.122835,63,227.321327
-77.822716,158,229.853672
550.037197,228,235.111487
134.944848,48,235.940857
46.536676,46,237.332233
175.177455,57,238.505082
-132.834173,46,239.286826
174.148656,52,240.441869
440.774334,400,248.37831
374.448177,113,250.42027
224.946661,71,251.469831
304.945118,100,254.081476
-403.300882,67,255.358312
192.515247,75,256.912048
627.238444,177,259.370816
-323.601483,70,261.030207
-645.726264,212,265.080923
-88.283521,248,271.939514
-521.854854,87,274.211008
-827.113707,254,278.688571
380.94688,109,281.248703
661.5069,253,285.991215
-679.858866,196,289.189214
690.792718,161,292.175469
272.530986,92,293.908708
-716.2245.543459,400,297.890315.2-44.920148,400,304.060178
-181.508233,258,311.51946
261.419071,77,312.979534
210.802651,61,314.469009
-135.769939,64,315.738967
164.507187,55,317.071435.192.51697,28,322.297667
722.1556,138,325.188123
348.215868,84,326.93792
202516.979697,202,329.578652.4474.301904,400,335.800136.493343,247,338.688719
403.186.464909,225,342.2501301.-1448.523547,213,346.938723
50.374732,205,351.158971
497.731093,224,355.746044
226.321033,67,358.837515
579.573973,191,363.26599
95.557051,51,364.060259
430.618441,118,366.546948
95.440121,40,368.030457
-47.899709,61,369.266001
80.145519,236,372.820011
-894.060325,96,375.315501
209.14059,63,376.726757
-3.864258,60,377.92761
118.820773,41,378.61781291148.5144,52,379.9965066691.843898,225,384.567393--118.419406,234,388.596435
288.300315,86,390.788957
300.329653,92,393.346936
-822.247954,400,402.193712
-6.338709,37,403.605574
156.09275,64,404.807117
238.470496,78,406.198029
714.480149,196,410.09589
319.661085,100,412.44149
51.578176,69,414.195124
188.930147,57,415.047478
203.672858,400,423.686717
-23.508195,95,425.716597
225.202451,62,427.398479
266.817003,88,429.655007
186.493057,60,431.006574
263.446419,82,432.4563296796.882871,126,438.499517
744.111605,177,441.558839
641.644235,276,446.93795
317.893061,400,455.524872
369.540787,104,458.329684
747.618899,175,461.246762
357.576747,101,463.286077
-230.435355,69,465.055128
362.094549,103,467.457914
299.569285,93,468.975945
205.459914,65,469.915125
439.177369,400,477.703624
-368.105731,78,478.776644
694.961375,136,481.048651
191.441751,64,483.015007
312.269449,100,485.084332
327.584613,90,486.6-455.10703.986322,240,491.30-0.169429.932537,258,498.126377
-151.58096,211,501.704388
79.215701,257,505.424734
753.900567,155,507.98543
-213.798383,53,509.116437
593.64357,212,513.465881
645.694063,164,516.64368
739.546369,167,520.502578
180.553719,57,521.367919
-157.378445,133,524.113611
220.294652,75,526.203702
170.094097,59,527.652415
204.244125,204,531.563119
-128.414744,400,539.552649
226.844348,67,541.12476
178.69025,45,542.608568
700.641657,154,545.750482
281.662469,76,547.688.265-645.603753,400,555.544019
386.147554,109,557.259092
143.596279,43,557.994375
759.530775,168,561.60288
125.003942,40,562.332501
-152.981573,146,565.087214
222.151344,120,567.053848
305.462438,87,568.992946
226.659336,61,570.4231.836473.74022,217,574.62195
636.360086,228,580.454489
-622.420698,162,583.451768
-384.986452,242,588.241947
175.304998,53,589.702542
139.952699,45,591.452928
195.806443,62,592.683404
676.392753,262,596.556401
518.654373,196,600.467269
341.585678,97,602.088361
-357.782758,178,606.005027
-97.434063,55,607.501237
350.253704,92,609.162273
322.225905,186,613.13526
272.837113,79,614.562166
338.665072,95,616.123051
380.002336,400,625.484944
265.781306,78,627.341024
238.6856,107,629.010995
275.908046,83,630.562669
687.334885,198,634.02137
29.573107,134,635.961929
309.62787,91,637.633067
661.698871,183,641.001776
315.706303,92,289.851237,4722.319705,128,648.450277
-130.204642,192,652.418621
-203.117149,70,654.550752
704.800592,157,657.75075
416.060091,400,665.560515
221.499301,70,667.571149
-217.756651,60,670.633997
326.358267,107,672.259754
-427.761481,320,679.091209
334.025919,111,681.280808
-137.444567,60,682.218606
714.474241,174,684.860027
238.377066,73,686.475303
204.095557,61,688.120277
198.136684,63,689.311001
119.746808,40,690.501191
684.832028,19589.062677,398403.903054,16418.331429,113186.848921,63662.534044,180,702.400204
352.252101,1-53.314224,400,707.17939
699.96357,159,712.279722
-69.243139,48,705.773622,1397.413338,400,719.709557
306.302422,79,721.35996
280.254093,79,723.238986
315.122323,222,727.090769
300.591701,87,729.30051
271.046588,78,730.890914
-167.907893,145,733.525818
324.657844,95,736.149606
647.167438,313,742.210385
374.226996,102,743.812267
110.457071,98,746.130437
-266.226793,143,749.419492
194.451378,61,750.912184
-352.965884,49,751.721129
321.350848,85,755.912044
195.356741,60,757.078416
399.371667,92,76797.066263802.61893,131,763.56055
199.362453,71,764.929208
736.873243,172,769.253645
249.461895,65,771.258589
544.284564,172,774.669044
-267.116136,119,777.039213
412.472445,111656.359868,2628.473508,216,236.803042,6195.961086,61,-412.41481,7283.960256,84,-19.828086,1348.333052,93,7290.415253,-98.192409,96,79217.838806-227.480828,75,297.144496.178702,53,793.5262.305252.670706,74,794.747.05578,157,798.198982
581.959429,176,800.850986
303.361584,82,804.11581
739.801723,167,807.899002
-821.001021,400,814.848172
298.46657,85,816.789553
418.959808,384,824.608063
-463.455019,75,826.148219
143.934766,49,827.42912
159.423792,48,829.109637
583.299819,175,832.781779
341.142913,87,833.989519
336.694969,91,835.952714
564.562767,227,840.368916
404.386613,228,845.378747
260.258565,73,848.799382
492.298055,353,855.638293
-41.240197,109,858.057824
743.449754,170,860.827606
256.013726,76,863.197746
431.101832,108,865.339004
9.603835,115,867.41787
265.262235,80,869.257783
797.759125,133,872.388844
741.67722,164,875.696256
289.708206,86,877.568313
290.113398,81,879.277794
191.96484,54,880.611704
160.192447,45,881.679339
174.648795,48,882.758361
224.804636,99,885.199568
273.120379,78,886.288925
284.336906,92,888.217839
11.511575,102,890.317294
702.123669,171,895.50535
313.810563,96,897.915205
171.463422,54,899.326421
287.97375,188,903.807962
-17.312685,126,906.936649
116.957065,35,908.038015
333.375727,93,909.747304
270.216273,74,911.097857
-418.515333,141,914.167419
469.572449,195,918.679902
208.67237,202,922.328258
236.603153,72,923.799785
731.795158,161,926.975911
217.245452,400,935.506415
371.495219,100,937.118091
549.450314,211,943.282454
-178.311577,51,944.647938
202.062664,58,946.336197
724.930218,190,949.322387
652.224748,198,952.97629
237.688162,232,958.030702
599.569941,174,961.725347
172.227027,56,962.577179
703.085023,199,965.476286
753.286447,151,969.327234
746.368781,164,973.136268
246.682001,71,974.636789
308.920842,92,976.338177
657.974681,197,980.576017
339.539682,79,983.060895
457.679032,97,985.803705
642.88629,164,990.433721
252.68703,73,992.204393
210.273148,65,993.405412
727.776819,195,997.409101
745.991825,159,1000.379624
175.79689,47,1001.736256
543.307926,298,1006.67436
182.965742,55,1007.945259
-34.623278,52,1009.854445
224.344471,73,1011.34452
337.725798,94,1013.615453
-161.090253,137,1016.054728
235.315479,67,1018.064893
223.008185,62,1019.307073
195.133968,61,1020.636812
228691.698815,206,1022.404219.1286.302093,85,1024.103284.9421.900302,101,1026.25727.153092,159,1028.754734
514.139167,197,1034.732028
239.724914,62,1036.70293
191.07240.906184,74,1038.41702.02163.364831,229,1042.71739.78719.93482,180,1045.986385
667.479085,181,1049.711962
-121.583886,139,1052.012645
-256.33445,73,1053.491924
161.398321,45,1054.794149
205.648866,56,1055.394.9671348.379299,89,1058.1428.420-382.769647,253,1063.433262
732.014443,182,1066.964589
508.596741,183,1070.171911
256.22803,69,1071.636559
401.266603,101,1074.492565
182.351746,54,1075.8515.049238,298,1080.98675
759.366474,135,1083.954016
739.997562,190,1088.502518
670.911442,146,1091.072484
751.55556.646365,397,1095.17413.98-216.190175,49,1097.88363.28340.85997,79,1099.926337319.94659,84,1101.84192174313.9265,92,1104.135012
2650.816504,230,1109.122811
734.362048,185,1112.653034
749.170515,142,1116.412389
231.138129,69,1117.713539
123.453158,52,1118.523408
259.765847,69,1120.552083
222.007689,64,1121.7623
219.448099,66,1123.045325
57.668276,195,1128.810572
691.846098,147,1131.861703
-126.083919,89,1134.141932
758.370159,146,1136.642163
293.481622,80,1138.311764
371.578211,94,1141.111982
712.239277,178,1144.780869
413.611119,101,1146.443765
275.62483,70,1148.451882
713.931462,143,1151.45461
734.968253,165,1154.332
399.648061,175,1157.173177
704.953913,197,1161.121733
164.431102,63,1162.601921
290.164453,79,1163.706161
153.697082,46,1165.203642
362.719666,98,1167.853948
198.185535,56,1168.722954
728.727877,182,1173.729797
753.129465,160,1177.790664
397.234841,99,1180.234715
327.810649,96,1181.954515
399.212368,102,1183.580855
625.823678,162,1187.281761
388.461572,299,1193.791057
383.004775,102,1195.862778
739.055011,149,1199.051597
684.905621,185,1201.963151
177.303352,45,1208.520645
700.552965,132,1211.388033
715.381103,260,1217.161572
146.280919,48,1218.285559
446.513927,104,1222.921359
419.988966,105,1224.263847
608.736935,181,1228.77988
194.25594,55,1229.622295
23.705809,41,1230.770049
369.341295,185,1234.4299
680.434776,213,1239.230743
178.436708,53,1240.337374
707.061264,150,1243.601549
379.792735,100,1245.691608
-0.724371,122,1247.810843
243.912072,73,1249.859376
698.805009,210,1254.439572
316.079924,83,1255.601327
450.221272,183,1259.349721
336.919525,84,1261.240412
237.771284,66,1262.480321
277.109347,75,1266.623636
131.123439,40,1267.600195
240.256562,72,1269.312593
662.248692,204,1273.44017
176.573577,61,1274.330058
334.190316,88,1277.340373
275.40876,86,1279.102681
264.861767,85,1281.300336
448.161492,109,1283.589979
189.57662,57,1285.179868
209.895731,90,1287.42023
356.911063,184,1291.399761
-71.981964,112,1293.420859
50.814171,138,1297.070002
275.83245,84,1299.268945
522.693818,176,1302.429193
263.577408,71,1304.46879
-2.041158,40,1305.46015
164.305666,91,1307.489105
85.568007,35,1308.569116
-196.137132,46,1309.898713
270.202457,80,1311.94855
179.285211,53,1313.053292
338.859664,94,1316.978689
712.147224,200,1320.347491
751.236472,140,1323.34829
35.137277,123,1325.708335
348.861601,77,1329.01046
451.261756,92,1331.437184
199.882924,98,1333.028561
740.918046,184,1337.140274
325.679486,84,1339.649533
211.742582,60,1340.834826
39.637938,33,1341.457631
668.184408,158,1344.517667
6595.064535,369,1349.548412624.636988,158,1352.465581662.191228,186,1355.838222
-440.866977,131,1358.71926459.595504,400,1365.895077
224.914324,71,1367.337742
742.932383,151,1369.976681
260.021176,68,1371.398579
687.86206,227,1377.487716
769.359077,145,1380.777983
680.871371,164,1384.788035
301.177776,82,1386.176392
86.221307,128,1389.16537
180.831547,62,1390.085948
-149.223499,110,1392.706445
301.132438,78,1394.110445
63.916816,51,1395.19526
407.99677.096659,165,1398.60683.086782,136,1401.525456
741.410342,180,1405.749365
753.185673,154,1409.097055
657.157591,134,1414.204571
199.152844,55,1415.465487
754.876938,145,1417.817316
193.813352,56,1419.395591
719.54081,148,1423.274856
652.613631,161,1426.196322
228.983449,66,1427.905273
165.532446,44,1429.405477
747.070353,160,1432.866281
344.303504,283,1439.195782
770.87581,139,1443.961164
30.290244,38,1447.5934
663.056036,136,1450.894405
245.348973,66,1452.655004
-91.925773,50,1453.915091
345.65126,98,1455.518705
745.094977,170,1459.72462
328.904568,82,1460.836125
655.972267,171,1466.524022
221.094308,58,1468.153298
340.1851,92,1469.95484
31.119996,45,1470.69574
62.60914,216,1475.097877
-74.725111,125,1477.714056
685.56052,226,1481.354529
240.424238,105,1483.475033
344.407787,85,1485.244944
341.737021,89,1487.455431
738.365671,137,1489.723813
178.834564,53,1490.848298
727.994178,157,1494.123733
176.713609,51,1495.508268
151.123397,46,1496.574239
375.989147,95,1498.146841
716.548626,182,1502.863851
282.348161,73,1503.916076
348.987813,92,1505.155315
755.586825,157,1510.104795
136.74012,236,1515.935471
426.807334,186,1519.660577
736.213204,185,1522.904026
737.766469,168,1526.403674
156.688218,45,1527.434191
201.158227,57,1528.793559
77.0421.195825,400,1531.31218.789.031825,49,1532.6944272.267.311565,73,1534.07118.48640.238553,147,1537.925149
730.046674,199,1542.824822
444.267997,105,1545.095331
755.426058,155,1548.176501
160.650222,50,1549.307477
214.33581,58,1550.904191
284.36236,72,1552.986219
304.344357,79,1555.963243
330.443688,88,1558.234439
513.492275,160,1560.8657.195252.880968,72,1562.6202.235591.058055,162,1566.681.4529584.548793,170,1569.701.8184744.463738,143,1572.470.5180745.266388,147,1576.483193
673.711719,169,1580.135724
199.514893,56,1581.297704
536.310194,206,1585.173715
501.04121,155,1588.864757
702.747179,185,1592.042713
701.707069,225,1597.503833
197.865471,53,1599.084269
727.515232,138,1602.515236
240.138051,67,1604.094375
509.397888,144,1608.681397
307.635792,94,1610.492422
340.489967,106,1613.153505
725.888401,203,1617.26197
633.818717,172,1621.152893
307.885615,80,1622.251819
730.315011,130,1624.923536
306.798552,76,1625.973036
215.036724,61,1627.922837
641.17017,146740.703074,178140.356023,54,166.308702,47739.164634,167271.454102,219,1637.89122
707.583554,142,1640.651276
656.253241,145696.193893,1235.862509,90,1645.273552
373.100261,98,1496.611003,1761.848244,141,1308.901785,8417.389619,101,1654.570589
207.204501,91,200.862453,16509.182529,198,1660.850184
280.757674,216,1665.65115
297.800803,75,410.395948,98264.652547,66358.899569,190610.805341,19285.04009,104,1747.558089,1634.150612,149,1315.287325,71,1680.729107
687.693146,137,1683.298129
59.357001,304,1688.629882
318.277493,84,1690.540644
406.072581,100,1692.133352
-290.134215,227,1696.799231
263.12955,71,1700.769297
764.770371,132,1703.100535
720.110185,213,1707.981888
340.491833,83,1710.369063
691.740291,267,1715.991252
746.254478,158,1719.708675
181.691624,53,1720.801348
664.656872,143,1724.369275
593.227789,395,1733.112707
192.786615,81,1735.019007
276.501045,76,1736.642594
431.420185,110,1738.759908
721.063544,182,1742.449957
772.588743,134,1744.728463
709.347918,212,1751.207994
760.494855,138,1754.271217
303.174505,82,1755.664119
199.286441,55,1757.125778
767.402089,152,1760.42903
88.986707,44,1761.928747
374.796786,94,1763.224598
154.720314,47,1764.269933
395.439676,98,1767.369597
91.282424,39,1768.329898
277.7962742.631175,151,1770.838831
227.414887,68,1772392.0724426.250869,177,1775.708693
259.965384,71,177719.76141,356.351032,87,17549.791785,95.349389,250,17751.174361,484.202592,115,17690.226162,143,1789.019179
107.922855,49,1790.068395
779.57603-6.043665,180,1794.803.150437,133,1798.39583
437.453769,168,1801.862432
746.923483,147,1804.430992
744.603405,157,1806.930329
419.379669,103,1809.000442
278.929256,78,1810.878094
236.947538,66,1812.4183
-5.522513,127,1814.54811
707.090682,181,1817.720182
216.94566703.393019,171,182227.807017675.66378,214,1825.079138
640.94762,203,1828.917902
290.554772,73,1830.718864
749.913367,152,1833.628076
-26.776256,32,1834.569315
-524.729719,144,1837.379603
703.574895,157,1842.65716
572.160115,148,1845.18645
165.294263,46,1846.408583
412.719262,106,1848.537881
128.368028,41,1849.578102
77.335296,39,1850.273.9264688.862115,165,1854.318449
240.825402,59,1855600.094667,187,1857.326028
682.708813,133,1860.728963
210.518547,58,1862.207084
626.458464,164,1865.517585
707.234158,166,1869.162619
405.313567,96,1870.891023
515.781895,160,1874.145949
433.283765,174,1877.606253
115.010636,119,1880.149802
187.184425,51,1881.417791
698.702527,234,1888.911928
347.959624,91,1890.131487
384.678389,96,1891.937434
586.281848,176,1895.096533
282.311714,74,1896.588435
685.209834,269,1901.989158
322.7448,83,1903.866935
488.289098,161,1907.811558
221.156994,63,1909.015643
213.210463,49,1910.699119
471.447633,97,1912.45914
742.439621,136,1915.655862
184.9807756.677515,139,1918.297322
499.192626,138,1920.616551
313.440325,85,192651.406532330.46189,82,1924769.51312315.438952,90,1926711.93036719.278676,141,1929252.922454,184,1933.053236
767.889554,158,1937.064406
590.91645116.089012,192,1941-35.065984,193,1944.365798
481.93389,198,1947.696841
8.300025,111,1951.166445
343.041513,93,1953.145612
113.789655,42,1954.594491
674.999888,172,1957.985834
61.748388,47,1959.026954
209.511712,51.363086,127,1718.199769,1292.688376,212,1769.101961,1675.139483,234,1969.95033
297.71813,78,19600.506866,-116.990598,212,1975.73877
713.720242,155,1980.603267
316.275336,177,1983.245868
674.689333,235,1989.695016
210.2567,59,1990.586862
294.274204,84,1992.026206
609.348346,190,1996.074832
346.332596,90,1997.886593
216.223772,59,1999.536618
229.71787,195,2003.685443
210.300934,59,2004.875457
706.223261,148,2007.994422
321.980338,90,2009.517692
749.021924,176,2013.065164
725.493382,165,2016.983957
254.403155,71,2018.585908
286.671773,70,2022.384995
779.53501,121,2024.709363
323.616737,186,2029.942959
303.247601,79,2031.805949
-60.249563,65,2033.854783
727.171529,199,2037.224079
225.479624,63,2038.719404
262.166729,195,2042.464898
737.991922,160,2045.443735
238.070501,65,2047.13694
204.716039,54,2048.463779
154.43044,49,2049.534093
263.833543,73,2051.674599
680.193963,159,2054.994307
638.438163,138,2057.744114
323.827777,83,2059.46642
205.929029,54,2060.754345
600.295619,184,2064.234825
165.024895,221,2068.883439
679.88152,210,2075.238353
718.50436,154,2078.20366
743.0004,155,2081.935514
520.806342,228,2086.44462
775.76506,131,2088.792955
669.634874,143,2092.555457
308.071854,77,2094.184484
650.059857,154,2097.055073
-346.869645,132,2100.542205
292.933502,96,2103.340259
768.98312,139,2106.66387
265.145004,75,2108.183891
622.035462,189,2112.513682
237.863952,65,2113.943617
215.372551,58,2115.104946
347.290792,89,2116.34315
647.893528,148,2121.921784
461.044904,106,2123.703827
575.01261,185,2126.503912
230.723349,166,2129.842803
730.200065,151,2133.673077
717.219632,124,2137.201427
230.019342,53,2138.742953
208.378432,53,2140.31586
685.113586,179,2143.801769
177.992909,49,2144.61292
734.539749,162,2148.517206
172.343566,53,2150.056962
547.926505,150,2152.595121
306.262971,75,2153.943303
341.545171,88,2155.899652
182.564334,55,2157.040137
-224.187846,121,2159.753794
214.738731,56,2160.921844
369.424605,89,2162.461244
679.930837,224,2169.26952
742.195616,187,2172.147496
208.110562,57,2173.699124
764.613864,144,2176.108281
291.610719,99,2178.404353
326.966906,82,2179.520968
325.801513,100,2181.243944
769.151008,125,2183.258066
611.754494,173,2186.015925
298.611093,76,2187.361015
754.403102,145,2190.122687
316.268226,95,2192.010482
207.940798,59,2193.171116
714.874938,136,2195.316172
126.49015,37,2196.26036
711.63758,140,2198.332858
735.585572,152,2200.985997
748.213333,140,2203.359621
589.035042,137,2208.535645
305.303138,78,2209.551787
173.329239,48,2210.341606
274.531589,74,2212.115518
625.43943,137,2214.481792
719.290579,172,2217.165358
206.245497,62,2218.154339
740.385695,146,2220.611277
312.251784,76,2221.682343
323.767038,307,2226.554264
280.608765,181,2229.432337
361.099767,84,2230.841443
722.335563,151,2233.077399
810.326663,118,2236.67917
747.927191,153,2239.504966
682.395849,195,2243.019632
708.824413,241,2249.38257
638.966088,192,2252.962885
405.741269,99,2254.90035
534.776555,198,2258.153781
450.673548,105,2259.612252
125.091787,43,2261.028816
679.262536,136,2263.381821
634.938495,171,2265.79035
296.325914,91,2267.570419
482.073541,193,2271.024527
768.935272,162,2273.955608
424.960576,163,2276.877223
261.950047,89,2279.044886
764.459402,152,2281.837363
587.605601,171,2287.265581
367.679257,91,2288.846129
545.524159,186,2292.276534
633.052962,181,2295.722382
208.862758,56,2296.892943
169.078175,47,2297.962878
677.122469,269,2302.369443
677.463258,201,2305.967724
476.656283,138,2308.214346
743.245671,179,2311.139227
155.374157,48,2312.29131
152.261119,185,2315.387418
768.799406,143,2318.106279
702.304236,135,2320.500605
669.251409,161,2325.730543
336.699148,82,2327.506247
712.276234,180,2330.449732
169.908826,92,2332.643898
201.320198,53,2333.63049
273.192649,68,2337.044584
363.393235,161,2340.31151
611.015532,157,2342.800358
41.432766,222,2347.16121
769.149778,152,2350.097519
641.754937,130,2352.614498
62.594883,123,2354.38792
726.912895,162,2357.121318
370.446195,97,2359.350116
271.628348,71,2360.476389
771.820292,139,2362.833074
685.147943,156,2365.614146
250.676039,72,2366.614611
137.060438,185,2373.107833
140.432481,43,2374.146566
225.045255,69,2375.295564
272.446404,79,2376.696673
629.395245,247,2381.183472
738.352665,128,2383.730258
52.591474,42,2384.734575
601.832667,144,2387.510233
295.10933,80,2389.027056
147.122175,49,2390.083807
193.013557,57,2391.255839
469.688248,106,2392.954984
739.95085,167,2395.633631
-394.009613,57,2396.85815
756.746021,133,2399.330835
770.742366,126,2401.554223
643.531251,154,2404.027854
736.049132,171,2407.334989
766.123866,137,2412.454566
737.304036,187,2416.300627
742.360939,177,2419.176429
317.70707,81,2420.937265
300.144949,78,2421.991595
205.66769,61,2423.020939
161.373233,45,2424.087728
343.169635,92,2425.272447
762.075715,143,2427.685495
760.102029,135,2430.262962
298.619962,79,2431.743128
-368.593639,70,2433.084508
228.006129,63,2434.309205
804.853688,117,2438.910807
744.907229,148,2441.605613
598.258891,157,2444.111501
206.75781,55,2445.272274
202.515589,59,2446.808836
570.590888,376,2455.744767
741.687793,157,2458.558909
272.260766,74,2459.927205
233.677717,85,2461.415895
292.355285,87,2463.374145
252.027979,200,2466.009298
494.114193,165,2468.899347
772.489418,134,2471.28789
649.535394,138,2474.004441
409.676328,166,2476.677522
691.625749,166,2479.894236
336.928621,85,2481.732166
580.563078,145,2484.192138
615.314767,172,2486.829753
696.155119,133,2489.099233
651.257611,187,2495.131799
160.232302,54,2496.006767
682.48594,247,2500.226078
160.375305,47,2501.318703
333.291528,85,2502.836961
426.295722,100,2505.337472
608.899978,204,2508.704811
30.442836,48,2509.437677
723.30433,153,2512.649189
488.973201,364,2518.011029
629.290368,198,2521.578915
201.990946,61,2523.171261
363.890293,91,2524.723096
-54.454633,91,2526.305892
348.106443,93,2528.200767
136.666324,44,2529.223759
754.255028,136,2534.403625
279.546291,79,2535.764124
217.469212,62,2536.74058
635.45126,153,2539.861253
396.032361,96,2541.864348
722.412079,131,2544.105669
333.35947,86,2545.602551
750.518061,145,2548.336317
-97.368403,231,2552.29297
248.738652,74,2553.566979
183.945121,55,2554.470745
152.456366,43,2555.559166
551.18347,180,2558.68995
136.264594,45,2559.462505
726.029613,164,2562.055878
700.672494,175,2565.013823
748.429122,141,2568.289448
457.007266,173,2571.066076
288.726628,80,2574.904963
736.512984,131,2577.286777
384.749962,191,2580.7633
463.3586,203,2583.988265
752.015959,150,2586.650036
211.003639,242,2590.11529
193.645645,58,2591.596367
296.237935,85,2592.784533
751.457746,131,2595.651155
336.317042,92,2597.192228
559.055161,167,2599.643568
666.40198,143,2602.317292
177.509384,52,2603.203654
763.005394,144,2606.243249
714.915967,190,2611.820549
407.706783,95,2614.022093
326.508261,84,2615.863192
303.203586,84,2617.554424
760.623023,131,2619.482071
393.206968,101,2621.446398
129.207186,205,2625.08534
723.553762,153,2627.295811
527.253947,202,2630.132543
248.021126,71,2631.733296
181.426737,54,2632.904559
265.949158,70,2635.16041
243.794554,64,2636.384043
748.010148,150,2638.978363
332.331496,84,2640.474922
369.666655,91,2642.295585
283.586438,77,2644.034555
308.582029,78,2645.527459
648.756148,178,2648.344554
735.685111,178,2651.666569
226.229254,68,2655.735346
506.159272,213,2659.096624
629.32785,160,2661.453057
155.60277,47,2662.225421
279.45492,77,2663.966092
52.107582,35,2664.646017
249.779885,186,2667.765945
737.478743,171,2671.201724
219.939144,59,2672.445509
707.536185,161,2675.381702
293.913813,80,2676.812821
184.817021,51,2677.939314
120.434051,42,2679.008157
276.63959,78,2680.068775
138.741316,45,2681.205383
721.095628,148,2683.975257
720.354464,171,2686.702599
736.504156,200,2689.973124
215.89908,62,2690.921784
724.60999,137,2696.16582
704.413091,161,2698.750783
779.308509,128,2700.867797
771.673546,137,2703.164299
776.896896,133,2705.518273
733.586874,132,2708.109224
724.570984,171,2711.190047
380.392442,91,2712.777401
379.826367,203,2716.443588
319.077509,76,2717.632412
693.892494,218,2721.748967
734.437625,134,2723.731184
738.948154,177,2727.150079
709.73457,130,2729.374734
477.559122,100,2735.066266
130.526073,35,2736.070401
762.381976,151,2738.095463
396.57438,95,2739.989634
189.569907,56,2740.899062
502.851377,109,2742.995614
372.010395,147,2745.328409
-32.593857,169,2748.428859
678.159442,134,2750.486509
-128.274996,315,2755.605415
765.194081,156,2758.270175
769.913059,133,2760.886344
761.06356,148,2763.371864
-698.717018,76,2765.198827
239.554155,72,2766.47436
554.901489,182,2768.926498
418.337362,99,2770.618788
758.975462,127,2776.013935
48.369253,50,2776.855307
777.724267,127,2779.371089
309.918427,95,2781.288169
680.621845,145,2783.73707
735.190383,160,2786.644861
394.353552,98,2788.498679
711.719757,129,2790.546757
759.970778,132,2793.049909
451.823849,400,2799.579054
772.895282,128,2801.778719
751.018517,132,2804.058852
704.562716,133,2806.069446
368.285473,89,2807.548192
669.39976,191,2810.902298
696.428281,158,2816.172685
257.996004,78,2818.263476
767.159481,149,2821.09087
266.175277,72,2822.387507
622.693384,187,2825.559551
648.178698,170,2828.528637
742.731126,128,2830.770071
404.886136,164,2834.554749
197.541115,50,2835.356377
653.521059,141,2838.069135
686.764787,178,2840.821167
643.62023,196,2843.813821
763.984473,129,2846.081468
654.29295,135,2848.313953
121.125105,49,2849.234088
221.357126,65,2850.449706
516.560974,381,2860.376973
329.721301,84,2862.151356
687.501199,151,2864.756859
164.225494,49,2865.805544
709.628881,127,2868.356725
649.37591,174,2871.414949
-204.109579,149,2874.072429
775.387503,126,2876.372972
650.981346,138,2878.353767
611.507468,164,2881.298913
732.266029,147,2883.603369
192.264268,61,2884.904379
541.40597,161,2887.369687
751.885783,122,2889.874258
143.627782,42,2890.648071
542.699687,274,2898.148257
703.583835,130,2900.368326
29.458799,50,2901.178887
710.863897,141,2903.540666
617.395321,177,2906.564417
745.779665,131,2909.087196
203.142193,58,2910.312778
59.590705,46,2911.697379
385.598258,98,2913.117225
339.724558,86,2914.579449
564.226883,175,2917.592189
204.859725,63,2918.88404
773.601568,123,2920.788498
445.513974,98,2922.352256
687.867196,157,2925.465264
201.604937,57,2926.679641
386.297072,93,2928.487471
186.453444,50,2931.095212
646.326616,145,2934.092754
305.503073,84,2935.310687
736.192947,171,2941.4157
406.651728,98,2943.100851
345.230302,89,2944.909401
362.733944,94,2946.460337
768.269524,141,2949.096283
334.147769,87,2950.668313
330.144992,85,2952.428769
757.717462,129,2954.987184
451.682211,110,2956.717919
405.219433,161,2959.601257
390.864123,108,2961.705631
762.173324,142,2964.360974
309.836561,83,2965.481081
748.177445,147,2968.548229
633.277149,132,2970.822394
736.471016,133,2972.876542
315.13171,82,2974.574561
225.761045,67,2976.503439
777.58166,122,2981.076932
333.587931,87,2982.703813
277.027235,73,2984.035038
712.552719,136,2986.365702
383.035252,197,2990.180645
334.332984,87,2991.352886
392.338764,167,2994.395737
336.76625,82,2995.836052
669.519051,161,2998.847751
221.16313,64,3000.059058
312.386216,81,3001.2679
-13.431491,94,3002.924771
374.553169,173,3005.583159
547.921347,136,3007.915806
754.842481,133,3010.191921
563.733635,167,3013.21339
148.006682,50,3014.340101
767.613477,135,3019.705523
693.540635,146,3021.621855
197.17811,59,3022.798329
365.522078,92,3025.00965
253.62122,75,3026.422849
742.787507,135,3029.143552
588.352238,179,3033.883112
360.44757,82,3035.51593
436.037189,100,3037.712442
178.78216,52,3038.520126
218.246739,65,3039.913911
389.469637,99,3041.194197
314.235596,88,3042.792202
136.643366,49,3043.900224
-43.635603,38,3044.962629
767.83643,149,3047.397152
239.947018,67,3048.798836
755.039343,165,3051.762398
710.671784,151,3054.946605
732.155152,170,3058.438163
-463.365789,59,3059.744099
746.695323,158,3065.41801
190.889185,67,3067.086587
373.365207,95,3068.744828
261.440403,71,3070.151502
262.680685,72,3071.809035
157.001798,53,3073.067356
750.951061,149,3075.874946
322.374806,193,3078.753779
326.243549,84,3080.577775
336.223452,92,3082.49569
429.012037,105,3084.511151
381.562543,91,3086.436407
33.262402,42,3087.225007
300.343369,81,3089.205638
264.984055,78,3091.061927
763.456014,131,3093.34076
138.701663,44,3094.059421
602.383851,169,3096.766232
170.863015,203,3100.138853
376.034647,94,3101.767412
738.072715,176,3107.641798
337.831939,278,3112.139299
644.868657,159,3115.058911
734.145301,142,3117.776997
164.869217,58,3119.275098
273.051219,69,3120.62404
184.853542,60,3121.823324
-156.422068,192,3125.179029
417.890907,100,3127.086591
717.533288,128,3129.022153
769.119768,140,3131.745255
732.769961,154,3134.31327
771.966438,138,3137.592418
687.032603,139,3140.371732
285.636223,86,3141.85183
292.899757,203,3145.251124
246.24546,69,3149.368055
361.448942,91,3151.002069
-228.088157,186,3153.863625
-154.291299,194,3157.223034
427.159172,170,3159.880615
245.107755,79,3161.642352
68.123273,183,3164.876641
763.234327,133,3167.201906
720.98568,150,3169.622301
162.081338,53,3170.75347
188.950803,53,3171.640275
747.738363,148,3174.362235
436.004926,104,3176.066363
322.88194,88,3177.648335
647.622271,172,3180.654407
332.825276,95,3182.251516
745.579982,126,3187.052381
744.112213,133,3189.155299
721.285359,142,3192.095649
721.467514,155,3194.64353
571.02507,145,3197.111358
701.911843,235,3201.131895
155.410424,48,3202.278226
108.00774,51,3203.330757
751.321843,133,3205.58502
148.418331,51,3206.383214
-15.45233,201,3209.651793
155.193448,52,3210.844724
229.820894,67,3212.122175
168.63604,60,3213.021053
748.959292,146,3215.423477
765.328955,135,3217.810594
651.85036,140,3220.212813
766.976914,128,3225.778177
770.128615,133,3227.556383
743.565815,148,3230.040564
744.122332,128,3232.366584
778.877753,145,3236.310838
407.708091,176,3238.915546
749.216097,142,3241.35539
344.721214,165,3244.808777
151.833899,47,3245.716591
76.547241,45,3246.751817
741.562539,143,3249.165828
247.811038,73,3250.555604
755.581958,131,3252.568073
98.99802,186,3256.03776
712.585657,158,3258.623912
772.991237,124,3260.811532
742.789876,163,3263.693504
410.687687,103,3268.79722
762.25806,128,3270.799542
686.999757,218,3274.271971
747.441546,132,3276.60551
479.596528,186,3279.559502
772.010658,123,3281.745731
737.855546,124,3284.029131
770.752046,130,3286.223863
151.042646,54,3287.379161
379.777757,101,3289.11726
-725.967857,380,3294.998761
359.92985,189,3298.317186
315.942989,85,3299.47652
745.989653,128,3301.778863
731.078715,163,3307.158049
183.253624,61,3308.414037
747.796856,146,3310.942308
283.187075,80,3312.070166
210.098883,71,3313.173471
735.78149,147,3315.611154
659.854388,135,3318.105581
325.240263,93,3319.818974
134.907056,49,3321.017601
733.729607,165,3324.005835
253.311058,81,3325.441103
432.63243,102,3327.225585
737.013709,162,3330.148931
639.223337,170,3333.096754
665.815546,318,3338.133066
764.188392,124,3340.021935
190.611965,65,3341.435202
696.261383,186,3344.539727
744.153551,138,3349.432324
289.238754,86,3351.257401
693.293399,166,3354.123445
148.056756,48,3355.271056
747.086444,162,3357.937123
742.883432,147,3360.862565
603.543232,367,3366.905478
764.633314,124,3368.851841
613.527812,196,3372.43121
705.168415,155,3374.963204
645.626789,167,3377.70134
768.880355,120,3379.854598
757.649039,129,3382.104569
751.787582,129,3386.898765
745.119585,123,3388.769949
277.391007,80,3390.56616
191.299358,78,3391.972503
743.132709,149,3394.796118
389.676532,191,3397.795498
778.004451,124,3400.311985
711.744105,165,3402.95724
489.260093,180,3406.450296
627.732819,165,3409.155831
206.869898,72,3410.436717
699.164594,134,3412.453801
742.080006,153,3415.201094
235.620747,78,3416.923969
683.849087,129,3419.17766
762.22749,123,3420.859785
743.86713,128,3425.859326
751.860045,149,3430.366649
225.602906,67,3431.521551
629.665434,271,3435.989619
749.702365,129,3438.272069
208.467958,63,3439.796269
758.19238,133,3442.12385
758.22415,127,3444.351819
769.358084,133,3446.982386
251.345279,71,3447.979986
227.016633,73,3449.406985
285.177637,83,3451.133131
247.21697,71,3452.630259
665.632861,179,3455.709653
-73.518953,124,3457.911415
749.210691,125,3459.862046
758.661965,127,3462.06723
749.304345,133,3467.354727
615.233011,196,3470.073438
776.060696,130,3472.104019
210.723509,66,3473.411799
681.929034,133,3475.762741
368.981719,174,3478.487539
415.597923,186,3481.332385
665.118332,274,3485.45407
743.405421,147,3487.874373
352.065364,186,3491.264629
763.09798,134,3493.672111
721.022454,153,3496.181145
313.901231,87,3497.738128
709.019076,163,3503.447097
754.88997,128,3505.771492
347.742697,91,3507.435916
777.194299,126,3510.35115
182.99925,62,3511.292415
194.646249,218,3515.1028
329.931649,400,3521.237329
792.535589,118,3525.259054
726.274899,157,3527.707952
305.247601,93,3529.802387
753.783132,143,3531.982423
685.17053,169,3535.042459
150.20445,49,3536.171592
746.440414,131,3538.107297
520.855196,172,3541.148664
753.163992,127,3543.73165
742.334,145,3548.653202
179.857428,61,3550.159508
197.276959,72,3551.33465
655.852817,258,3555.642146
469.10109,206,3559.032484
179.948243,52,3560.558583
214.839242,61,3561.835061
529.944911,168,3564.159277
664.111648,173,3566.977007
736.3132,137,3569.125798
677.385562,173,3572.405588
723.100283,155,3575.204784
727.632663,154,3577.690851
704.509372,167,3580.319831
295.214244,86,3581.751177
719.973798,152,3587.429849
237.587912,180,3590.146277
194.532795,67,3591.435001
309.798505,94,3593.342894
150.402657,46,3594.394286
302.371527,96,3595.943533
648.137037,195,3599.200588
241.742042,75,3600.913187
747.773007,128,3603.191425
770.651016,130,3605.534632
653.351784,130,3607.461452
745.08318,147,3609.938813
152.235425,53,3611.032743
758.095666,123,3613.361014
755.155115,124,3615.567051
714.568121,128,3617.607237
264.28887,75,3619.331204
680.896498,166,3626.201262
328.267809,82,3627.530876
670.018045,151,3629.953427
717.904857,178,3632.709431
667.63092,178,3635.820515
686.51413,174,3638.548899
133.97468,43,3639.636152
240.990554,72,3641.047505
467.814748,175,3643.795534
519.725345,164,3646.494332
712.056427,126,3648.696316
496.601722,182,3651.809688
746.968089,128,3654.362223
727.695286,160,3657.051856
407.325846,198,3660.339126
532.47761,192,3666.143177
717.854533,165,3668.870303
768.726245,128,3671.050925
704.866888,124,3673.276282
668.19114,137,3676.165297
503.145458,147,3678.323067
654.545499,179,3681.502242
746.821249,140,3684.166156
677.6626,159,3686.693079
773.914871,126,3689.000488
172.270786,57,3690.502972
725.009351,165,3693.571437
761.427362,137,3695.598723
726.613217,192,3699.176858
752.740546,140,3704.337125
769.690188,121,3706.299012
751.738351,141,3708.981248
138.647369,39,3710.024816
706.48599,180,3712.861914
291.17354,79,3713.934712
714.137755,165,3716.933273
797.273014,115,3721.570848
727.963486,154,3724.235722
686.311791,155,3727.358318
753.473306,141,3729.822143
153.235464,191,3733.072269
141.85245,49,3734.200289
730.333234,174,3737.017562
763.535929,123,3739.243462
755.715969,156,3741.822656
612.539099,163,3747.263139
730.992752,167,3750.209299
389.58521,94,3752.144268
771.266195,124,3754.02423
756.413306,130,3756.320784
772.716001,126,3758.593108
768.922657,127,3760.991811
724.654474,149,3763.538085
216.652856,67,3764.847657
281.086112,77,3766.24033
675.56847,143,3768.914773
700.59659,157,3771.669133
140.275359,46,3772.394283
254.032277,76,3774.124272
551.161118,167,3776.800098
335.589187,98,3778.216048
712.038046,143,3780.692591
650.418747,184,3786.57827
237.389446,70,3788.143424
311.15025,79,3789.621512
756.249147,149,3792.438804
187.714986,62,3794.018269
266.039472,70,3795.296042
735.063918,160,3797.89719
208.17683,57,3799.105539
705.038837,182,3802.240888
597.198917,186,3805.710191
271.120139,191,3809.020035
178.251575,54,3810.221673
768.608295,133,3812.503947
753.495186,143,3815.198397
259.903339,176,3819.912192
428.891956,93,3821.769679
702.635973,166,3824.731708
185.717556,54,3825.543858
752.426934,159,3831.217773
316.327007,82,3832.710163
370.363071,200,3836.07847
313.731115,76,3837.494135
290.969646,75,3838.570461
727.715278,131,3840.889303
261.190787,72,3841.877012
744.712351,145,3844.658469
708.364453,156,3847.24587
749.536752,136,3849.562667
80.659183,39,3850.926353
179.510516,54,3851.814962
746.854891,140,3854.154527
757.684697,148,3856.660789
747.442814,141,3859.051285
498.520006,189,3862.541767
251.693199,70,3863.533151
744.681544,164,3869.482897
725.375047,155,3872.433827
741.451702,166,3875.165925
746.849673,149,3877.930672
693.611535,178,3880.941467
739.137621,126,3883.48865
737.747133,146,3885.899988
703.819424,156,3888.432724
756.115867,147,3890.723843
592.690591,188,3893.545098
285.009115,83,3895.314666
776.588049,134,3897.918839
722.063429,162,3900.265613
643.748847,166,3906.245552
599.20922,139,3908.718574
238.491642,68,3910.108949
183.612066,64,3911.401465
746.414633,147,3914.083838
765.403757,147,3916.940786
803.135157,115,3920.331872
371.507579,86,3921.789261
683.332244,137,3924.175606
241.678841,74,3925.516156
295.514758,86,3927.087297
555.798334,202,3930.938018
741.975566,155,3933.715661
755.081055,134,3935.760719
769.561388,124,3938.04678
746.431362,147,3940.612199
632.397904,165,3943.233057
748.20991,148,3949.062675
660.220995,141,3951.468206
322.21606,86,3952.902933
656.691794,166,3955.894416
403.527358,96,3957.528503
343.622408,84,3958.977525
51.431464,46,3960.448384
336.838013,88,3962.303894
646.120227,166,3964.66857
619.159183,174,3967.562162
613.996372,180,3970.68193
735.720939,154,3973.513288
756.872437,136,3975.855822
328.448048,83,3977.406338
658.374965,138,3979.765344
748.408572,140,3982.074197
286.55875,93,3983.667954
756.275121,147,3989.262334
610.365909,144,3991.970626
333.652816,97,3993.602307
328.867477,188,3996.928539
465.513337,176,3999.926281
760.566627,129,4002.13795
127.773779,38,4002.879721
584.288763,173,4005.954889
331.10607,162,4008.525002
660.112626,145,4010.69211
732.351197,119,4012.883553
208.303037,70,4014.21376
148.499102,38,4016.158777
369.384657,85,4017.915942
389.671616,87,4019.262825
741.737036,157,4021.999169
770.029149,127,4024.052208
761.633172,132,4026.344807
326.586028,85,4030.845066
677.578302,162,4033.426442
773.818899,124,4035.630687
767.949222,148,4038.091034
317.209638,79,4039.302927
133.49388,47,4040.758617
416.981754,100,4042.402784
293.437032,174,4045.512799
166.07165,46,4046.863395
648.084063,193,4050.005071
478.127252,153,4052.491721
661.101483,126,4054.745808
684.383844,160,4057.321311
770.350678,121,4059.521266
781.547051,128,4061.801054
340.497031,87,4063.357153
208.940982,55,4064.212458
235.829366,198,4070.352382
750.758384,123,4072.255225
761.254089,130,4074.481981
476.854111,165,4077.139103
715.902682,157,4079.776335
765.20036,130,4081.775039
762.936117,123,4084.062341
239.412624,66,4085.345382
175.219305,48,4086.415581
713.304353,127,4088.676895
450.488197,159,4091.544131
635.346619,164,4094.437268
155.298093,42,4095.211234
698.477014,145,4097.637185
744.602827,149,4100.09918
355.882388,187,4103.393609
746.854715,138,4108.535769
195.109055,58,4109.751638
443.071141,171,4112.722527
250.167967,79,4113.868102
773.415801,139,4117.73437
588.227203,172,4120.739095
347.766555,97,4122.073426
759.265217,129,4124.596253
764.235326,142,4126.971773
737.348442,126,4129.517074
104.244552,176,4132.588235
646.40337,160,4135.159854
214.918801,61,4136.766165
230.614619,67,4138.323055
757.577112,136,4140.706118
754.150704,129,4142.971956
677.385476,129,4145.374517
291.685855,82,4146.579863
574.184763,134,4152.044518
602.660717,181,4155.209875
346.213879,92,4157.005844
613.318525,197,4160.043
665.602363,149,4162.52091
195.698498,58,4164.028411
745.228849,147,4166.46296
738.72371,134,4168.828806
563.13027,156,4171.037201
232.870425,68,4172.731316
720.172875,145,4174.845697
738.32539,124,4176.876121
504.256819,198,4179.797505
280.291377,80,4181.535742
229.890019,68,4182.826325
755.897223,142,4185.271296
372.088006,171,4191.335123
2.452634,103,4192.996501
753.471578,126,4195.260897
760.841046,146,4197.98938
639.698925,151,4200.54352
786.69932,122,4202.734923
734.186373,155,4205.243914
308.663667,87,4206.673583
191.197799,66,4208.031095
762.000145,144,4210.437193
766.512936,124,4212.630155
780.278949,133,4215.177572
792.982246,119,4217.584589
261.49793,76,4218.632607
646.146918,194,4222.407228
-15.820853,106,4224.608452
588.550919,185,4227.443259
303.177746,83,4228.964396
299.442119,80,4233.511757
711.76756,173,4236.263623
768.430441,129,4237.949343
701.893268,132,4239.63665
363.555939,88,4241.463662
278.44516,76,4242.564734
427.872893,101,4244.611598
761.618515,143,4247.02413
207.209698,60,4248.024025
770.408134,122,4250.242418
765.219052,155,4253.346528
632.465922,156,4255.975646
758.443441,146,4258.393604
476.438447,193,4261.337546
756.987827,148,4263.511666
629.58947,170,4266.213568
716.183458,162,4271.573623
732.314785,131,4274.164974
199.82272,58,4275.41798
204.459036,69,4276.716062
-54.459968,129,4278.732434
253.654067,193,4282.230998
218.535358,62,4283.18003
760.646029,142,4285.577176
773.605266,139,4288.251922
771.387301,120,4290.442952
205.440737,63,4291.372561
238.355934,198,4294.67164
642.014541,194,4297.823106
229.524038,185,4301.348271
758.169827,125,4303.579969
630.691313,191,4309.230101
777.794584,123,4313.156444
772.765615,130,4315.004117
366.569781,91,4316.86314
191.259171,57,4318.437284
461.938811,172,4321.164309
755.324357,126,4323.701304
-38.948484,120,4325.275524
196.684633,189,4328.728463
238.28662,69,4329.78596
761.800969,146,4332.428086
776.156129,124,4334.698153
743.553321,152,4337.18799
712.33048,153,4339.672995
560.054899,160,4342.80611
776.013395,120,4345.045621
714.683418,228,4351.439277
274.06605,78,4353.240905
728.957349,156,4355.831452
757.587732,157,4358.974751
751.147054,141,4361.385116
144.186869,43,4362.457077
202.860699,56,4363.340697
768.608726,135,4365.739294
773.778581,120,4368.213739
266.154709,76,4369.277118
737.519519,167,4371.699134
747.755042,141,4374.39552
722.313735,140,4376.793051
535.276535,146,4379.245808
368.242789,205,4382.927569
761.922281,129,4385.165652
773.911111,124,4389.914292
-108.182447,125,4392.124934
767.135421,121,4394.382414
758.697968,154,4397.199119
780.785576,123,4399.038479
-52.768384,34,4399.947141
773.453906,121,4402.144459
367.388293,88,4403.950462
749.728509,153,4406.526993
780.919905,122,4408.402928
221.486012,62,4410.660209
742.574764,133,4413.093694
536.037822,157,4415.617218
758.167238,131,4417.862319
261.696268,75,4419.021271
299.403367,82,4420.999566
740.098545,164,4423.653184
723.714965,175,4426.740119
619.42226,162,4429.647089
753.388751,130,4434.75879
743.313314,145,4437.538856
381.358545,93,4438.75127
266.260404,78,4440.507476
-45.114452,100,4442.210575
756.309055,125,4444.445377
360.213302,91,4446.268315
551.63785,166,4449.253527
307.076096,179,4451.790555
-108.273281,131,4454.123975
308.856956,85,4455.968044
753.988823,133,4458.308543
759.786563,152,4460.803028
760.926197,144,4463.553287
747.694963,125,4465.486551
729.06907,152,4468.078727
665.746145,163,4473.740488
755.784402,138,4476.152841
304.775796,84,4477.673447
261.683587,76,4479.130359
718.180773,158,4481.988689
768.476868,137,4484.340912
342.679425,87,4485.557206
169.283292,49,4486.335849
751.692985,129,4488.596037
740.087291,144,4491.321454
309.926595,86,4493.10642
768.718622,128,4495.390478
304.301033,86,4497.329284
722.369841,162,4499.939717
767.291919,124,4502.113204
469.295225,161,4505.307988
489.079531,174,4508.349192
155.795256,45,4509.776347
679.975831,152,4515.245973
287.561675,79,4516.935496
693.711353,131,4519.239538
756.130243,130,4521.466014
434.330843,184,4524.637874
768.578428,145,4527.088658
727.553736,159,4530.030995
763.058209,126,4532.286049
747.250851,150,4534.745234
756.743314,143,4537.767136
747.327578,138,4539.881303
771.869516,132,4542.239249
742.947738,121,4544.927637
668.316229,159,4547.430023
631.515456,170,4549.853022
748.717214,136,4555.303049
169.705549,49,4556.056754
281.344175,81,4557.573214
728.976711,164,4560.608012
763.256718,146,4563.139595
761.9321,120,4565.29987
195.135317,68,4566.278062
744.517118,150,4569.384994
769.714075,123,4571.37494
694.149562,155,4574.24385
768.434002,148,4577.020879
429.01208,191,4580.168709
755.183944,143,4582.63555
751.703498,143,4585.378228
763.980284,137,4587.315494
201.602683,59,4588.496142
767.457293,122,4593.206271
727.768484,123,4595.111898
758.01144,146,4597.589749
761.086226,123,4600.151401
774.041257,126,4602.777575
231.177465,70,4604.051983
761.813083,128,4605.96508
791.679376,124,4609.895671
802.815358,116,4611.974727
675.980562,288,4616.603817
352.823323,92,4618.373847
205.815796,57,4619.882816
379.503518,93,4621.7401
757.328605,146,4624.237496
761.146123,127,4626.995548
218.155441,64,4628.008752
760.044715,133,4630.504946
328.190369,90,4632.289414
754.127139,136,4637.19198
744.367687,161,4640.351593
241.589679,76,4641.724898
769.215988,126,4643.992776
763.787091,125,4645.911885
716.675501,130,4647.960194
725.327986,169,4650.909047
597.032067,186,4653.957267
701.688832,126,4655.883265
298.694369,86,4657.421261
363.394503,93,4659.333579
745.257736,157,4662.207198
597.726841,145,4664.643225
304.129013,86,4666.434649
699.129366,148,4668.8273
762.243095,137,4671.13572
751.113631,127,4676.230552
206.990701,65,4677.480558
675.447676,156,4680.327733
716.822154,154,4682.866224
765.445433,141,4685.685137
405.33689,99,4687.077424
27.193589,103,4689.3654
755.287026,147,4691.870602
767.886765,148,4695.047294
665.671319,127,4697.51634
393.537983,178,4700.386739
747.654138,158,4702.959412
749.562939,140,4705.97301
795.34531,122,4709.559479
-384.061988,246,4713.520228
759.793978,142,4715.929715
189.385334,52,4719.605655
758.41033,143,4722.403045
604.78161,164,4725.025263
723.308594,150,4727.811674
717.970314,134,4729.877876
769.9143,128,4731.828631
774.39124,124,4734.392596
664.034105,173,4737.164291
770.250461,122,4739.695252
693.087551,152,4742.502909
336.058695,85,4743.710617
633.405384,156,4745.930763
776.619367,129,4748.257288
734.500806,236,4751.944906
743.962364,132,4757.363815
708.269997,155,4759.855505
318.56904,85,4761.399428
769.5693,130,4763.946891
747.729438,133,4766.625958
681.067628,166,4769.252332
630.060148,149,4771.692132
734.438712,142,4774.100424
148.885325,44,4775.122763
758.800111,137,4777.160254
785.380559,124,4779.101185
344.212271,205,4782.440154
758.853161,140,4785.374906
396.113526,93,4787.07453
366.802085,94,4788.914742
298.485316,82,4790.385666
110.15831,45,4791.85178
709.966123,124,4796.557566
719.185363,160,4799.378871
188.030149,60,4800.635247
247.833369,76,4802.043923
774.38875,122,4804.552911
413.425735,177,4807.309942
362.841107,87,4808.957946
272.92059,74,4810.616709
130.024006,35,4811.532651
692.996879,151,4813.942871
708.428873,145,4816.401977
701.30702,162,4818.987865
340.8155,92,4820.790901
144.450132,45,4821.905088
629.142184,170,4824.976547
740.2086,139,4827.319933
768.358665,123,4829.126101
757.558928,135,4831.231206
731.12485,138,4833.576874
752.049127,140,4836.30046
670.257522,145,4841.546368
253.20222,73,4842.632534
224.305112,71,4844.380116
284.340294,88,4845.884954
275.44908,76,4847.27148
390.209209,98,4849.17648
213.228701,74,4850.637111
735.679361,154,4853.207487
717.864275,149,4855.670337
247.286153,69,4857.359685
207.079669,70,4858.757096
759.79048,127,4860.710862
749.17719,140,4863.131736
771.052828,125,4865.679802
214.810245,67,4866.932603
755.01429,151,4869.434428
516.285131,156,4872.167554
759.054011,129,4874.666893
58.123768,45,4875.459042
718.996868,146,4880.866289
745.678706,148,4883.287404
31.838952,95,4884.883536
758.50089,129,4886.908337
712.828417,148,4889.670097
673.568784,169,4892.427593
756.647247,162,4894.837489
741.422733,144,4897.289575
697.703975,154,4899.808559
363.058595,95,4901.442722
715.682288,179,4904.457521
788.962618,126,4907.72614
774.431007,143,4910.03249
574.524971,136,4912.398804
516.563905,169,4915.386389
746.685646,143,4917.779814
767.291775,126,4923.140733
748.562504,149,4925.929258
688.503768,155,4928.737314
774.659941,128,4930.991252
761.646745,138,4933.458758
241.378828,73,4934.826987
316.304959,84,4936.356323
762.291695,130,4938.910213
781.681742,133,4940.904594
391.110896,172,4944.234463
234.130682,77,4945.623451
369.573416,97,4947.258924
345.56492,89,4948.834905
327.102573,89,4950.632077
740.240365,161,4953.198874
-43.42768,112,4955.273898
108.253839,192,4958.544292
234.12184,68,4962.637167
321.492026,87,4964.507281
709.628801,143,4967.013046
744.863357,143,4969.641809
307.245274,86,4971.143998
774.348682,141,4973.845373
322.432161,85,4975.378777
566.189241,272,4979.813777
766.329391,136,4982.097466
760.173218,129,4984.322037
284.788144,81,4985.775056
726.208308,173,4988.850669
752.740173,150,4991.350919
734.406371,159,4994.24365
645.070385,168,4996.95262
760.600109,136,5002.073484
201.598791,58,5003.363524
757.770155,149,5005.804357
802.243864,117,5009.55349
800.707293,117,5011.935097
747.60107,128,5013.909763
333.253974,85,5015.715841
712.131818,127,5017.621497
765.723045,136,5020.231849
767.656312,138,5022.545428
744.36973,149,5025.694937
414.178829,95,5027.33516
742.29375,139,5030.054341
759.598787,147,5032.201698
554.90879,185,5035.461975
291.182485,82,5037.386355
756.85756,138,5039.744829
771.987698,123,5044.879619
196.315287,64,5046.540246
255.031909,79,5047.591294
654.980809,152,5050.089626
763.702454,133,5052.427541
234.409234,71,5053.786368
707.108959,156,5056.671137
629.883518,153,5059.218149
262.326279,78,5060.59102
759.994766,136,5062.870458
515.337213,145,5065.575492
754.242869,137,5068.039995
425.536865,100,5069.707874
719.243774,161,5072.373876
719.449636,129,5075.020474
764.40543,142,5077.520982
763.641134,146,5079.995222
758.907596,137,5084.825434
364.246377,93,5086.812519
758.236562,136,5089.12482
771.494924,124,5091.385907
625.648431,154,5094.259506
757.576342,123,5096.41724
187.959735,49,5097.508939
591.16438,143,5100.00568
575.71509,164,5102.59609
383.264852,94,5104.525889
801.001097,116,5108.694685
790.867291,123,5111.13923
780.208381,124,5113.424783
330.914671,82,5114.901549
673.290286,146,5117.372755
740.949543,132,5119.626659
739.992467,126,5121.962269
751.294532,135,5127.493055
749.699492,143,5129.700721
324.069595,91,5131.639225
383.879339,95,5133.578773
773.444954,124,5135.518865
736.348881,160,5138.380414
732.821978,144,5140.810756
601.512011,164,5143.445395
760.220746,148,5145.893369
334.910337,88,5147.491893
683.576367,130,5149.691689
264.247527,78,5151.22712
225.495841,70,5152.975816
720.27883,170,5155.681991
762.282059,146,5158.482152
757.728919,135,5160.967399
291.332844,89,5162.539221
711.686698,136,5168.066178
740.299009,149,5170.897593
380.344896,101,5173.157144
314.741553,86,5174.752428
759.861494,130,5177.001776
586.330628,155,5179.596119
656.73764,181,5182.510818
746.477959,134,5185.070134
371.977772,100,5186.475413
638.570471,202,5189.835875
666.787574,157,5192.489877
704.692876,238,5196.230198
262.167271,184,5199.362206
773.188696,125,5201.718447
642.743039,157,5207.015759
698.94495,120,5208.814951
372.995423,91,5210.573071
272.557768,80,5212.376137
757.963535,138,5214.982749
177.830425,54,5215.80247
742.501783,157,5218.730351
7.002039,97,5220.37086
297.059749,88,5222.193884
769.638402,123,5224.288327
658.81225,198,5227.642515
751.303126,126,5229.882796
177.503108,51,5230.999401
780.518263,124,5233.245372
738.969539,144,5236.014839
768.406762,123,5237.802206
742.464615,144,5240.367546
252.143351,78,5241.739695
735.035184,153,5244.596371
249.187637,76,5248.754926
746.589468,147,5251.228124
685.481393,129,5253.482417
193.567118,72,5254.860005
668.23248,147,5257.708565
742.790398,128,5259.660086
744.39096,151,5262.141891
256.744036,79,5263.62307
755.110173,141,5266.654619
168.316124,50,5267.776819
559.702462,171,5270.523239
305.865994,89,5272.107082
687.17373,173,5275.144407
761.532326,132,5277.517654
767.160532,144,5279.882331
751.029007,138,5281.95593
685.876159,181,5288.178766
749.310416,140,5290.546943
231.712068,82,5291.757041
743.327392,164,5294.719636
747.720315,130,5297.078845
733.032808,149,5299.521891
748.645694,160,5302.422804
338.150037,93,5304.271968
622.401233,147,5307.805452
389.21076,95,5309.260778
768.732364,132,5311.686681
222.757177,76,5313.048383
677.243237,165,5315.73191
705.503021,152,5318.303299
357.025846,88,5320.163202
759.134179,134,5322.53492
359.47196,95,5324.154842
294.34196,85,5325.620248
715.921644,156,5330.958123
758.06192,129,5333.299011
742.184686,171,5336.05201
711.796592,150,5338.849406
702.531672,177,5342.03805
699.209614,170,5344.764366
742.860323,136,5347.1105
752.041934,127,5349.411694
748.684442,131,5351.65072
297.212575,87,5353.61373
218.815805,69,5354.874245
763.029623,132,5357.161705
739.717543,193,5360.099133
642.447854,167,5363.136188
753.948752,135,5368.034307
750.519768,141,5370.703716
754.258856,136,5372.998768
739.48463,149,5375.51297
737.075487,145,5377.724458
682.985521,158,5380.647658
707.296661,166,5383.264442
774.297642,127,5385.233708
756.683506,137,5387.78645
236.519208,74,5389.219548
629.71178,166,5391.845756
731.938529,154,5394.361032
746.632888,144,5397.132917
611.241956,146,5399.575284
788.032834,120,5403.189126
678.749226,163,5406.058409
763.099166,132,5410.851846
759.149854,143,5412.934427
743.957893,143,5415.625272
312.272174,88,5417.214591
756.244127,155,5419.859623
733.690978,145,5422.275185
642.366529,171,5425.081852
459.639295,164,5428.04415
738.706505,176,5431.162866
198.662804,81,5432.627286
748.749375,136,5434.999056
676.875051,174,5437.784275
772.440105,134,5439.826566
749.703088,146,5442.583094
728.552345,146,5447.892479
610.453365,167,5450.593649
272.540973,83,5452.580246
648.035057,150,5455.091069
702.961134,150,5457.679942
761.058074,138,5460.10774
446.74106,161,5462.769983
761.787891,133,5464.828944
759.588536,137,5467.210972
759.496877,142,5469.695412
754.358532,132,5472.014572
720.176637,157,5474.707751
754.525967,129,5477.004012
618.474835,158,5479.963767
747.489454,136,5481.693364
755.812887,135,5487.174871
724.885418,141,5489.346648
754.71278,151,5492.063206
750.699485,133,5494.484138
722.216306,164,5497.265062
729.38394,171,5502.030388
710.187209,158,5504.592421
283.197407,90,5506.117371
266.722379,85,5507.683437
770.333645,130,5510.261974
207.459505,72,5511.32818
506.242122,150,5514.148659
761.661351,132,5516.553263
759.498624,140,5518.618158
322.199742,92,5520.457192
340.584265,100,5522.108446
764.825037,128,5524.055746
776.167126,128,5529.148638
220.707548,71,5530.782821
727.855667,166,5533.472065
741.878293,136,5535.865135
262.346325,84,5537.389068
742.799422,157,5540.005689
254.183671,88,5541.466196
750.407911,131,5543.792734
460.72173,111,5546.226867
725.745138,172,5548.983649
687.747541,140,5551.395091
748.010855,149,5554.103595
763.394408,129,5556.458769
764.688438,128,5558.697748
755.650462,135,5561.038815
735.039283,135,5563.39921
750.937154,159,5568.970612
634.386477,190,5571.808617
627.309483,148,5574.362932
732.633773,145,5576.822623
710.302482,144,5579.258454
387.093351,103,5581.236897
752.455234,128,5583.523442
718.078874,147,5585.966236
713.575255,136,5588.307875
742.383862,142,5590.672062
732.866328,142,5593.043363
198.477512,68,5594.356887
609.254042,145,5598.114131
744.74748,146,5600.459215
728.020901,143,5602.907665
28.431752,24,5603.732598
753.446247,131,5605.989011
639.768689,239,5612.454552
685.478218,194,5615.653314
312.882085,91,5617.249857
662.822131,136,5619.679748
769.94706,130,5621.955829
279.720641,81,5623.642041
680.416691,163,5626.289254
771.893286,137,5628.600771
339.626114,168,5631.049896
714.157028,134,5633.359051
755.142085,135,5635.734163
752.577072,132,5637.989566
724.2973,151,5640.832992
682.789724,150,5643.356414
665.573778,259,5650.534907
369.261938,200,5653.684551
757.3851,135,5655.717599
222.459209,75,5657.131467
281.445047,83,5658.365194
638.887095,176,5661.439123
447.90903,164,5664.351493
741.712068,133,5666.662642
331.084108,93,5668.187428
758.642286,129,5670.569469
274.651154,87,5672.314466
738.282595,140,5674.993835
604.901432,152,5677.736701
680.169677,171,5680.465347
738.753797,141,5685.622834
760.503892,129,5687.945204
757.826073,142,5690.379263
778.202258,127,5692.634794
778.765056,124,5696.45989
766.927402,125,5698.273381
559.695718,188,5701.580432
540.828847,179,5704.361021
512.643362,256,5708.53863
751.427536,150,5711.314976
760.243872,140,5713.628567
696.762584,132,5715.918431
750.832324,134,5718.577669
659.677826,148,5720.991123
321.168284,92,5723.028287
755.750205,130,5728.098391
177.833549,57,5729.006319
240.928559,81,5730.700226
740.617514,127,5732.706363
735.920528,139,5735.073467
741.692862,135,5737.125259
322.321529,91,5739.197528
704.086113,136,5741.592205
715.37408,155,5744.119963
726.59602,140,5746.514937
764.291858,130,5748.440442
558.864777,169,5751.083958
738.805717,128,5753.05615
361.69012,97,5754.734721
755.941273,128,5756.941099
701.770019,154,5759.886138
427.20451,165,5765.25274
687.337925,159,5767.88171
284.998517,85,5769.676433
279.272683,96,5771.345118
728.724672,145,5774.068102
694.745947,161,5776.776486
754.758405,131,5778.753673
734.735043,134,5781.381501
760.871358,134,5783.708441
749.836758,139,5786.1553
693.09147,164,5788.754529
778.236421,127,5791.652081
550.669866,143,5794.237058
716.914625,165,5797.162516
758.887,136,5799.17633
748.09373,138,5801.530776
575.98368,177,5807.245729
768.098055,130,5809.494951
327.835358,92,5811.337788
596.162948,175,5814.386198
701.9627,157,5816.927157
752.573613,127,5818.851405
751.287364,143,5821.350444
731.712804,136,5823.64339
319.08128,93,5825.266176
754.799077,134,5827.567466
761.563075,137,5829.928583
712.05119,145,5832.400552
749.453116,133,5835.003505
742.369623,148,5837.500257
752.323569,136,5839.770559
757.762147,132,5844.901964
686.576713,168,5847.946233
191.255355,74,5849.292674
132.595205,39,5850.115019
758.540955,134,5852.341857
466.588801,168,5855.406387
751.34154,130,5857.383015
338.430387,94,5859.278042
700.850084,143,5861.653881
750.669048,133,5863.998681
745.239077,143,5866.383152
761.748925,130,5868.68695
727.215693,160,5871.23476
759.693682,129,5873.545145
459.415204,168,5876.530973
635.706571,161,5879.146255
742.031524,129,5884.452334
764.270971,133,5886.62543
760.205848,129,5889.039592
624.015237,137,5891.600238
781.902504,124,5893.785654
635.401065,174,5897.109534
728.061745,135,5899.592568
751.174947,129,5901.737395
772.327114,132,5904.526294
615.632269,198,5907.572075
603.718136,168,5910.274632
757.202769,127,5912.572929
709.82482,156,5915.443413
213.344752,154,5917.644591
412.260256,162,5920.293654
253.296828,81,5921.745495
622.50428,159,5927.239036
319.428232,91,5928.864426
766.008589,130,5931.389765
364.211012,96,5933.258289
771.336627,129,5936.009845
709.097623,148,5938.603711
751.414698,135,5941.206863
207.107763,62,5942.115399
770.918552,133,5944.571776
762.903982,125,5946.838894
773.75675,129,5949.092852
600.015717,155,5951.739915
712.958473,131,5954.011011
772.489895,129,5956.317505
355.000568,99,5958.195979
770.38164,133,5960.258465
488.943123,183,5963.052949
738.860063,161,5968.777252
738.98273,147,5971.216832
-37.201494,128,5973.476494
766.389212,133,5975.728276
764.973466,128,5978.018552
762.436942,126,5980.287637
758.171909,143,5982.447963
723.103258,154,5984.99228
334.623273,93,5988.550458
767.865763,146,5990.920509
721.611787,168,5993.493638
677.343625,155,5996.374403
755.578989,147,5998.852777
746.014665,139,6001.229206
338.420827,103,6002.8947
748.287512,134,6005.567126
765.564776,130,6010.38142
758.060411,129,6012.71327
763.699536,128,6014.928213
349.072787,98,6016.785061
756.929366,133,6019.091289
750.605501,161,6021.636323
227.191868,174,6024.425735
684.353512,134,6026.765111
683.838134,163,6029.396478
764.273539,126,6031.820463
246.907217,83,6033.399194
760.939328,139,6035.834682
759.084493,132,6038.132988
306.738743,95,6039.74262
681.368353,150,6042.538939
751.021358,133,6044.965258
636.043102,136,6050.043522
634.55333,182,6052.810594
635.313466,158,6055.390486
770.491474,126,6057.924659
754.780522,154,6060.771123
769.141055,128,6063.058214
695.393178,145,6065.553052
551.834765,187,6068.681867
666.680761,163,6071.245628
738.596913,136,6073.556956
250.509025,80,6075.370858
654.12638,152,6077.820181
759.425704,134,6080.157228
761.206698,130,6082.406598
741.326473,139,6087.699297
266.556027,81,6089.174686
781.993883,123,6090.931664
733.615834,129,6093.10049
758.672244,125,6095.280026
756.813193,128,6097.560985
677.429834,175,6100.674027
690.779188,156,6103.448578
361.837312,96,6104.692124
632.305136,125,6106.908309
754.260725,151,6109.75297
777.410138,126,6111.898813
780.163897,130,6114.194861
770.846685,131,6116.451825
766.629121,130,6119.020987
775.074398,128,6120.976963
616.80701,157,6123.617207
753.34998,133,6128.702614
681.344962,161,6131.288773
644.84099,175,6134.086541
767.963109,122,6136.041926
483.642167,165,6138.93964
760.143243,134,6140.963673
734.252,167,6143.971054
663.843723,155,6146.513652
671.936853,147,6149.05535
707.346038,162,6151.99188
543.66245,176,6154.768796
755.599016,129,6157.000924
767.372821,140,6159.70278
766.224918,130,6161.559876
732.203518,166,6167.327025
773.471877,130,6169.57004
766.521693,128,6171.806943
771.095586,127,6173.994366
765.795884,146,6176.177397
662.83267,160,6178.745579
397.202606,98,6180.780035
761.640658,133,6184.89229
245.539369,75,6186.134849
587.759498,177,6189.19478
263.356331,84,6190.455349
323.630129,400,6197.364672
99.351511,35,6198.013059
449.04664,179,6201.099302
761.154681,131,6203.393093
768.694367,131,6208.20561
310.760037,163,6210.66668
632.430374,201,6213.68544
261.444266,82,6215.502123
313.361383,88,6217.250669
766.926028,131,6219.312755
320.304954,91,6221.157252
767.968221,129,6223.473628
777.102494,127,6225.77397
738.742155,154,6228.298664
218.394363,70,6229.665343
771.239734,130,6231.641956
719.049319,126,6233.97664
268.996431,168,6236.922769
260.551276,83,6238.094942
765.088571,135,6240.558344
761.673315,128,6245.865987
666.930819,123,6248.033488
770.881201,144,6250.523947
767.72423,137,6252.888966
767.186817,133,6255.279261
768.693231,129,6257.540585
333.700058,226,6261.38893
782.066321,123,6263.586261
123.711708,34,6264.254084
698.845547,143,6267.003084
760.253044,131,6269.062569
761.993663,130,6271.039887
259.515226,82,6272.806207
768.907401,133,6275.127713
709.545961,143,6277.639053
800.091259,120,6280.55154
784.734519,132,6283.050642
764.021528,128,6284.992579
723.926277,169,6290.936827
714.552477,158,6293.585171
189.878138,400,6300.024873
757.499366,152,6302.439919
537.350412,280,6306.932216
350.195068,99,6308.336891
741.179259,140,6310.774567
223.402269,67,6312.408082
280.314348,210,6316.147228
569.163757,157,6318.436939
778.591583,123,6320.725561
726.157756,152,6325.685473
359.578959,92,6327.262326
744.978235,153,6330.105025
738.95454,158,6332.658782
756.270984,133,6334.701239
716.033756,128,6336.924107
753.842123,134,6339.312423
646.026948,153,6342.111221
772.13636,133,6344.702197
668.58735,182,6347.681191
224.888844,75,6349.171618
140.176653,210,6352.542042
768.036145,125,6354.738738
729.704697,148,6357.263155
495.508392,186,6360.314473
688.422993,165,6365.79459
379.507622,97,6367.471457
202.904061,55,6368.716895
759.385597,129,6371.081937
741.803506,132,6373.454859
770.938899,126,6375.701172
273.396102,81,6378.088755
675.721438,139,6380.425254
725.371573,164,6383.308844
270.84142,83,6385.113691
751.650549,131,6386.8002
673.469841,147,6389.52251
765.406929,126,6391.509709
730.364698,166,6394.49108
770.953389,132,6397.097679
733.627092,177,6399.91972
703.073219,130,6402.155929
775.125005,128,6407.204578
772.358469,131,6409.494689
735.316824,158,6412.118251
583.483237,147,6414.660952
669.780208,182,6417.812163
694.928091,126,6419.722603
755.064109,135,6421.782604
779.796266,134,6424.70464
635.792204,231,6428.042037
765.34365,129,6430.363197
765.364484,127,6432.61052
550.751614,157,6435.178412
774.393796,137,6437.477957
174.832544,51,6438.748405
527.289363,216,6445.135275
731.716972,132,6447.347148
772.864689,126,6449.29515
304.826305,92,6451.062977
588.906127,132,6453.415777
719.3758,154,6455.88463
707.456066,134,6458.240958
620.668228,165,6461.548938
720.481028,128,6463.750159
642.325165,149,6466.546432
389.114987,143,6469.263881
614.68497,136,6471.343919
735.664669,133,6475.426051
713.763786,164,6478.125598
254.559544,83,6479.310591
153.293582,67,6480.945069
761.078255,126,6483.192153
627.816927,168,6488.794276
650.511968,177,6491.506962
743.252717,155,6494.108045
693.08788,166,6497.311114
760.839796,159,6499.833287
730.642978,145,6502.335284
641.482508,161,6505.243469
751.067939,139,6507.723982
711.55118,131,6509.790792
759.95374,132,6511.75856
779.428905,122,6514.320373
745.680734,139,6516.671993
699.90573,145,6519.142607
735.400923,132,6521.418633
763.443968,125,6526.417534
769.954626,122,6528.557027
769.436169,126,6530.499882
271.344144,86,6532.389632
370.267104,98,6534.06476
604.597552,183,6537.166261
760.909645,127,6539.401698
771.616177,125,6541.585854
513.206788,138,6543.925074
656.381564,169,6546.670158
364.540706,98,6548.383961
753.140423,135,6550.734831
779.427302,122,6552.864035
598.195838,189,6555.845643
581.21617,167,6558.86215
513.95674,161,6564.173259
644.520334,162,6567.093513
768.479576,127,6569.311988
784.652412,121,6573.447319
790.731792,119,6575.234391
108.145711,67,6576.802423
759.734208,133,6579.078618
754.727161,129,6581.326174
773.970627,128,6583.239885
741.920822,164,6586.228007
741.987452,136,6588.578249
755.928904,128,6590.807048
682.187703,176,6593.512039
494.770798,157,6595.742158
697.113528,171,6599.104752
735.027466,135,6601.448739
679.565284,126,6606.536552
754.373801,134,6608.87878
418.215128,208,6612.559013
758.316812,146,6615.067199
770.880355,124,6617.290847
719.895369,152,6619.818442
729.114919,167,6622.79804
668.685771,161,6625.701124
771.690111,122,6627.6206
289.194233,86,6629.434594
761.200788,126,6631.437663
642.311013,293,6636.744996
740.490458,157,6639.286073
745.169156,125,6644.339794
728.967004,141,6647.258946
764.709992,148,6649.755409
687.552249,174,6652.843636
770.958321,130,6655.110766
738.865897,148,6657.589265
762.654521,127,6659.976794
612.566836,143,6662.429222
767.964555,125,6664.696007
765.729076,126,6667.133744
164.637056,50,6668.250984
789.533497,127,6671.138982
743.455862,151,6674.115275
245.843679,86,6675.316929
547.022896,147,6677.860014
762.902317,129,6679.904419
379.259082,96,6682.042561
774.602028,122,6683.888551
646.665228,151,6689.571521
753.632821,154,6692.170922
683.52053,137,6694.583632
740.829699,144,6697.001904
774.209938,122,6699.287208
756.876016,130,6701.258792
779.69168,128,6703.534247
746.537375,158,6706.392033
309.229972,85,6708.198464
779.545144,129,6710.158197
766.090659,131,6712.480975
677.245332,166,6715.413618
763.514718,129,6717.686712
764.804673,140,6720.224385
740.189558,125,6722.776563
774.487204,126,6727.362427
334.070763,95,6729.263321
215.631831,73,6730.677567
769.584965,126,6732.92156
768.437779,134,6735.212485
763.141932,125,6737.860003
767.362473,127,6739.484706
565.312454,153,6742.083719
767.178696,128,6744.322447
768.628443,130,6746.66164
755.425163,127,6749.158667
582.857762,135,6751.585896
251.678784,84,6753.134198
685.912139,181,6756.245127
751.778613,129,6758.502461
703.505766,127,6760.779603
763.200456,126,6765.847808
709.709166,166,6768.507466
305.260758,85,6771.06619
772.46572,126,6773.199904
754.718747,125,6775.352924
768.444811,139,6778.053654
306.712247,145,6780.193874
782.388933,128,6782.488727
754.762804,127,6784.696294
254.41902,77,6785.895483
694.856497,129,6788.015489
780.140426,128,6790.299485
778.188198,127,6792.445271
723.429201,132,6794.756286
457.641333,209,6798.210251
743.084282,139,6800.662416
329.88933,94,6802.55101
755.963032,133,6807.731721
773.969482,137,6810.061141
740.619686,126,6812.484486
745.930369,126,6814.731759
780.453451,123,6816.960405
728.858441,149,6819.725644
769.434437,127,6821.944283
746.273104,162,6824.562481
494.803595,139,6827.281222
778.901388,125,6829.11658
767.79136,129,6831.340554
681.858403,167,6834.319045
747.802489,161,6836.8487
669.29359,326,6844.670911
565.514063,139,6847.334433
780.248015,127,6849.266801
504.740355,147,6852.113257
773.887901,124,6854.618556
342.698394,93,6856.518107
773.044247,124,6858.436688
759.532638,127,6860.73634
277.782174,88,6862.237668
776.604541,124,6864.501437
792.380606,126,6867.653439
792.824526,120,6869.334477
777.24285,125,6871.539327
772.189478,131,6873.90923
769.166281,132,6876.261903
760.724552,128,6878.451895
299.851276,88,6879.681545
663.541673,180,6884.345958
747.949994,151,6889.817732
736.06874,157,6893.246049
768.046819,130,6895.977376
773.134766,127,6898.556832
742.001035,146,6902.406928
758.30965,147,6905.147668
202.353146,65,6906.756342
735.685307,156,6910.018461
768.27309,127,6912.062562
643.43827,165,6915.452071
645.30786,157,6918.071474
719.539206,160,6921.018431
725.443252,133,6923.103155
689.961117,154,6925.979867
729.89291,126,6928.280711
764.30962,129,6933.361737
278.936526,87,6935.390263
773.094305,124,6937.39934
724.007516,144,6939.5681
599.838818,137,6942.231533
767.321275,144,6944.494146
765.735598,128,6946.799887
554.536053,139,6951.237232
764.293581,126,6954.155305
757.987137,129,6957.208409
765.178113,122,6959.560714
701.953234,126,6962.645283
181.997634,64,6963.974788
765.591676,124,6966.467523
736.037266,167,6970.230004
718.246104,135,6972.965853
585.23447,196,6980.994121
758.453536,126,6983.708246
690.743053,146,6986.855326
767.78844,126,6989.947503
746.269805,135,6992.219435
724.11248,126,6994.865973
764.35492,140,6998.134666
257.085247,85,6999.625833
273.856089,154,7002.574291
780.553762,126,7004.964865
713.218543,146,7008.144374
769.040194,124,7010.784843
761.106324,135,7013.163673
772.405674,124,7015.77476
649.089264,138,7018.503752
769.422394,125,7021.544573
759.849318,124,7025.663058
420.388436,176,7029.142969
511.984082,139,7031.144493
775.580989,125,7034.013727
707.871719,133,7036.358573
759.664214,132,7038.961926
713.385326,123,7041.216469
712.85607,135,7043.913495
771.671453,121,7046.73418
777.17262,124,7049.363214
770.099606,145,7051.892633
327.561556,97,7053.873802
656.723247,151,7056.733058
584.595601,208,7061.22178
769.277584,124,7063.233135
403.689787,138,7068.301874
212.807669,66,7069.513239
769.352184,124,7072.042784
640.902894,126,7074.682091
688.644113,133,7076.996125
773.385831,132,7079.672483
545.948888,140,7082.705044
774.890633,123,7087.230852
574.582013,177,7090.62245
558.700066,186,7093.543458
765.94495,128,7096.132981
765.774667,128,7099.091896
756.756642,154,7101.932965
403.541349,101,7103.992602
753.965331,129,7106.872112
764.403563,127,7109.684297
778.782179,125,7112.037005
778.632364,120,7116.673194
771.564224,139,7119.41377
520.932645,159,7122.641819
202.831579,75,7124.404407
343.098863,220,7129.021899
720.578926,164,7132.412916
763.343033,124,7134.981821
308.037121,92,7136.236332
720.738524,161,7139.99948
773.898998,127,7142.281058
767.107114,127,7144.911777
761.918124,147,7148.071543
762.155219,125,7150.641763
314.419054,91,7152.525138
496.460992,137,7155.242174
475.720779,214,7161.300889
653.687366,170,7164.661681
762.752627,132,7167.34072
773.844963,128,7169.971522
704.744144,172,7173.381385
758.947,124,7175.930342
603.261376,136,7178.641708
726.38106,207,7182.771385
743.303705,165,7185.681663
725.418102,143,7188.451008
766.928749,140,7191.250728
754.016241,144,7194.101526
791.687755,118,7196.151664
734.065957,183,7199.670868
771.7305,124,7204.200359
743.933227,157,7207.090688
745.831068,155,7210.31089
324.898314,90,7211.810883
774.79038,134,7215.010506
717.736141,157,7218.201763
701.770299,129,7220.849961
632.873454,159,7224.819862
774.00215,129,7227.430544
697.549657,156,7230.349825
706.587618,148,7233.159436
766.988816,142,7235.945709
81,159,7174.899653
768.757904,127,7177.509762
312.505967,92,7179.710338
770.44514,124,7182.019248
585.672142,164,7184.940754
761.999934,135,7187.589569
761.411514,145,7190.410039
629.00937,157,7193.442722
349.203556,90,7195.608192
316.651608,86,7197.301273
694.053777,157,7200.24983
771.077257,126,7204.77962
775.353414,123,7207.059591
772.796031,131,7209.733038
727.826359,154,7212.95944
780.008102,124,7215.568845
228.821923,76,7217.079294
749.633793,125,7219.980415
766.22336,134,7222.668409
200.686606,71,7224.412594
368.473541,96,7226.229341
772.038763,130,7228.558113
747.608579,163,7231.848581
770.356418,138,7234.620377
36,126,7137.007195
767.745746,121,7139.021635
753.866149,130,7141.608079
277.305057,84,7143.49818
777.151871,122,7145.786792
664.854618,156,7149.286576
745.814087,138,7151.946514
741.208511,126,7154.536249
193.400791,78,7158.346494
759.305474,151,7160.745751
722.845897,152,7163.92657
336.752886,92,7165.626215
746.850369,148,7168.726165
762.013886,129,7171.39597
751.193433,146,7174.20528
342.250291,90,7176.457689
781.72621,122,7178.995103
760.567143,127,7181.285847
681.345487,179,7184.395348
293.289629,90,7186.597286
778.713986,132,7189.235971
697.321913,137,7192.027265
763.666188,168,7196.825818
765.566937,127,7199.136041
776.978014,124,7203.664515
738.952964,140,7206.395483
756.094689,153,7209.278293
765.709766,125,7212.17531
778.401999,122,7214.485522
250.64926,94,7216.494482
759.807019,138,7219.52435
241.326904,76,7221.634913
766.10958,129,7223.935276
748.985636,127,7226.814875
778.915936,120,7229.095299
731.681882,173,7232.460006
642.038636,135,7235.177018
88,62,7218.819934
774.235365,121,7221.359476
774.464991,121,7223.598724
-183.703482,103,7225.948862
732.231887,160,7229.648453
444.16328,104,7231.279548
753.614308,131,7233.949715
364.483871,99,7236.30102
